"Name","Team","Age","playerid"
"Enny Romero","- - -","27","4001"
"Vidal Nuno","Rays","30","9674"
"Kyle Gibson","Twins","30","10123"
"Derek Law","Giants","27","13133"
"Chad Sobotka","Braves","24","17470"
"Kolby Allard","Braves","20","18694"
"Randy Rosario","Cubs","24","14508"
"Dan Jennings","Brewers","31","8073"
"A.J. Cole","- - -","26","11467"
"Ryan Lavarnway","Pirates","30","8879"
"Jesse Biddle","Braves","26","11437"
"Jorge Lopez","- - -","25","14527"
"Dennis Santana","Dodgers","22","17878"
"Ryder Jones","Giants","24","15982"
"Dustin Garneau","White Sox","30","9433"
"Ryan Schimpf","Angels","30","9953"
"Rick Porcello","Red Sox","29","2717"
"Blake Snell","Rays","25","13543"
"Mark Zagunis","Cubs","25","16565"
"Mookie Betts","Red Sox","25","13611"
"Myles Straw","Astros","23","17620"
"Luke Voit","- - -","27","14811"
"Mike Trout","Angels","26","10155"
"Ian Kennedy","Royals","33","6986"
"Jerry Blevins","Mets","34","7841"
"Chris Rusin","Rockies","31","9895"
"Christian Bergman","Mariners","30","10925"
"Roenis Elias","Mariners","29","12673"
"Zach Vincej","Mariners","27","13269"
"Josh Hader","Brewers","24","14212"
"Michael Lorenzen","Reds","26","14843"
"J.D. Martinez","Red Sox","30","6184"
"Christian Yelich","Brewers","26","11477"
"Mike Minor","Rangers","30","10021"
"Sam Gaviglio","Blue Jays","28","12778"
"Max Muncy","Dodgers","27","13301"
"Brandon Woodruff","Brewers","25","16162"
"Ryan O'Hearn","Royals","24","16442"
"Matt Skole","White Sox","28","12119"
"Justin Turner","Dodgers","33","5235"
"Alex Bregman","Astros","24","17678"
"Rowdy Tellez","Blue Jays","23","15679"
"Juan Soto","Nationals","19","20123"
"Jose Ramirez","Indians","25","13510"
"Aaron Judge","Yankees","26","15640"
"Nolan Arenado","Rockies","27","9777"
"Paul Goldschmidt","Diamondbacks","30","9218"
"Shohei Ohtani","Angels","23","19755"
"Ronald Acuna Jr.","Braves","20","18401"
"Shane Bieber","Indians","23","19427"
"Brandon Nimmo","Mets","25","12927"
"Reese McGuire","Blue Jays","23","15674"
"Trevor Story","Rockies","25","12564"
"Anthony Rendon","Nationals","28","12861"
"Steve Pearce","- - -","35","9957"
"Patrick Wisdom","Cardinals","26","13602"
"Willians Astudillo","Twins","26","15608"
"Freddie Freeman","Braves","28","5361"
"Matt Holliday","Rockies","38","1873"
"Tyler White","Astros","27","15564"
"Manny Machado","- - -","25","11493"
"Eugenio Suarez","Reds","26","12552"
"Bryce Harper","Nationals","25","11579"
"Matt Carpenter","Cardinals","32","8090"
"Jesus Aguilar","Brewers","28","11342"
"D.J. Stewart","Orioles","24","17766"
"Xander Bogaerts","Red Sox","25","12161"
"Victor Robles","Nationals","21","18363"
"Joey Votto","Reds","34","4314"
"Matt Chapman","Athletics","25","16505"
"Lane Adams","Braves","28","10767"
"Francisco Lindor","Indians","24","12916"
"David Peralta","Diamondbacks","30","2136"
"Andrew Velazquez","Rays","23","14196"
"Charlie Blackmon","Rockies","31","7859"
"Jeff McNeil","Mets","26","15362"
"Ji-Man Choi","- - -","27","5452"
"Mitch Haniger","Mariners","27","14274"
"Javier Baez","Cubs","25","12979"
"Lonnie Chisenhall","Indians","29","7571"
"Peter O'Brien","Marlins","27","13288"
"Jesse Winker","Reds","24","13590"
"Khris Davis","Athletics","30","9112"
"Robinson Cano","Mariners","35","3269"
"Jose Altuve","Astros","28","5417"
"Rhys Hoskins","Phillies","25","16472"
"Nicholas Castellanos","Tigers","26","11737"
"Scooter Gennett","Reds","28","10339"
"Wilson Ramos","- - -","30","1433"
"Miguel Andujar","Yankees","23","15878"
"Nelson Cruz","Mariners","37","2434"
"Miguel Cabrera","Tigers","35","1744"
"Aaron Hicks","Yankees","28","5297"
"Giancarlo Stanton","Yankees","28","4949"
"Franmil Reyes","Padres","22","14566"
"Lorenzo Cain","Brewers","32","9077"
"Michael Brantley","Indians","31","4106"
"Anthony Rizzo","Cubs","28","3473"
"Kris Bryant","Cubs","26","15429"
"Tommy Pham","- - -","30","2967"
"Pablo Reyes","Pirates","24","16357"
"Adam Eaton","Nationals","29","11205"
"Ramon Laureano","Athletics","23","17128"
"David Dahl","Rockies","24","13744"
"Andrew Benintendi","Red Sox","23","17901"
"Nick Martini","Athletics","28","12005"
"David Freese","- - -","35","9549"
"Jose Martinez","Cardinals","29","7996"
"Shin-Soo Choo","Rangers","35","3174"
"Francisco Cervelli","Pirates","32","5275"
"Garrett Hampson","Rockies","23","19262"
"Ben Zobrist","Cubs","37","7435"
"Jorge Soler","Royals","26","14221"
"Joc Pederson","Dodgers","26","11899"
"Daniel Robertson","Rays","24","14145"
"Gregory Polanco","Pirates","26","12907"
"J.T. Realmuto","Marlins","27","11739"
"Dwight Smith Jr.","Blue Jays","25","13473"
"Yasmani Grandal","Dodgers","29","11368"
"Ryan Zimmerman","Nationals","33","4220"
"Stephen Piscotty","Athletics","27","13367"
"Travis Shaw","Brewers","28","11982"
"Didi Gregorius","Yankees","28","6012"
"J.A. Happ","- - -","35","7410"
"Whit Merrifield","Royals","29","11281"
"Gleyber Torres","Yankees","21","16997"
"Justin Smoak","Blue Jays","31","9054"
"Yasiel Puig","Dodgers","27","14225"
"Justin Upton","Angels","30","5222"
"Christin Stewart","Tigers","24","17714"
"Matt Kemp","Dodgers","33","5631"
"Omar Narvaez","White Sox","26","13338"
"Jed Lowrie","Athletics","34","4418"
"Andrew McCutchen","- - -","31","9847"
"C.J. Cron","Rays","28","12546"
"Curt Casali","Reds","29","12510"
"Johan Camargo","Braves","24","14950"
"Edwin Encarnacion","Indians","35","2151"
"Yandy Diaz","Indians","26","16578"
"Eduardo Escobar","- - -","29","6153"
"Cody Bellinger","Dodgers","22","15998"
"Jorge De La Rosa","- - -","37","2047"
"Brian Duensing","Cubs","35","4064"
"Luke Jackson","Braves","26","11752"
"Darnell Sweeney","Blue Jays","27","13284"
"Mike Mayers","Cardinals","26","15451"
"Domingo German","Yankees","25","17149"
"Seranthony Dominguez","Phillies","23","19249"
"Josh Donaldson","- - -","32","5038"
"Nick Markakis","Braves","34","5930"
"Yoenis Cespedes","Mets","32","13110"
"Joey Gallo","Rangers","24","14128"
"Kyle Schwarber","Cubs","25","16478"
"Adam Frazier","Pirates","26","15223"
"Michael Conforto","Mets","25","16376"
"Howie Kendrick","Nationals","34","4229"
"Mark Reynolds","Nationals","34","7619"
"Enrique Hernandez","Dodgers","26","10472"
"Curtis Granderson","- - -","37","4747"
"Aramis Garcia","Giants","25","16925"
"Jurickson Profar","Rangers","25","10815"
"Adalberto Mondesi","Royals","22","13769"
"Daniel Descalso","Diamondbacks","31","8392"
"Corey Dickerson","Pirates","29","10762"
"Danny Jansen","Blue Jays","23","16535"
"Eddie Rosario","Twins","26","12155"
"Randal Grichuk","Blue Jays","26","10243"
"Matt Olson","Athletics","24","14344"
"George Springer","Astros","28","12856"
"Patrick Kivlehan","Diamondbacks","28","13910"
"Elias Diaz","Pirates","27","11680"
"Tyler O'Neill","Cardinals","23","15711"
"Mallex Smith","Rays","25","13608"
"Clint Frazier","Yankees","23","15983"
"Brock Holt","Red Sox","30","9345"
"Hunter Renfroe","Padres","26","15464"
"Carlos Gonzalez","Rockies","32","7287"
"Daniel Murphy","- - -","33","4316"
"A.J. Pollock","Diamondbacks","30","9256"
"Joey Wendle","Rays","28","13853"
"Scott Schebler","Reds","27","12225"
"Jose Abreu","White Sox","31","15676"
"Starling Marte","Pirates","29","9241"
"Jorge Polanco","Twins","24","13152"
"Josh Bell","Pirates","25","13145"
"Charlie Culberson","Braves","29","3298"
"Kurt Suzuki","Braves","34","8259"
"Billy McKinney","- - -","23","15654"
"Chris Taylor","Dodgers","27","13757"
"Mark Canha","Athletics","29","11445"
"Matt Adams","- - -","29","9393"
"Brandon Lowe","Rays","23","18882"
"Chad Pinder","Athletics","26","15191"
"Robinson Chirinos","Rangers","34","3142"
"Carlos Santana","Phillies","32","2396"
"Brian Anderson","Marlins","25","18289"
"Robbie Grossman","Twins","28","5254"
"Jedd Gyorko","Cardinals","29","10816"
"Jake Cave","Twins","25","14477"
"Austin Meadows","- - -","23","15672"
"Asdrubal Cabrera","- - -","32","4962"
"Trea Turner","Nationals","25","16252"
"Ryan Braun","Brewers","34","3410"
"Denard Span","- - -","34","8347"
"Ketel Marte","Diamondbacks","24","13613"
"Brandon Barnes","Indians","32","629"
"Eric Thames","Brewers","31","3711"
"Juan Lagares","Mets","29","5384"
"Kendrys Morales","Blue Jays","35","8610"
"Ian Happ","Cubs","23","17919"
"Daniel Palka","White Sox","26","14897"
"Mike Moustakas","- - -","29","4892"
"Mark Trumbo","Orioles","32","6876"
"Maikel Franco","Phillies","25","12179"
"Teoscar Hernandez","Blue Jays","25","13066"
"Wil Myers","Padres","27","10047"
"Willy Adames","Rays","22","15986"
"Tony Kemp","Astros","26","14894"
"Adrian Beltre","Rangers","39","639"
"Marcell Ozuna","Cardinals","27","10324"
"Brandon Belt","Giants","30","10264"
"Jean Segura","Mariners","28","5933"
"Derek Dietrich","Marlins","28","10542"
"Harrison Bader","Cardinals","24","18030"
"Yairo Munoz","Cardinals","23","16313"
"Melky Cabrera","Indians","33","4022"
"Buster Posey","Giants","31","9166"
"Andrelton Simmons","Angels","28","10847"
"Yan Gomes","Indians","30","9627"
"Mitch Moreland","Red Sox","32","3086"
"Tyler Austin","- - -","26","11850"
"A.J. Ellis","Padres","37","5677"
"Mitch Garver","Twins","27","15161"
"Rougned Odor","Rangers","24","12282"
"Nick Williams","Phillies","24","14330"
"Justin Bour","- - -","30","9744"
"Jose Bautista","- - -","37","1887"
"Tzu-Wei Lin","Red Sox","24","14678"
"Corey Seager","Dodgers","24","13624"
"Ozzie Albies","Braves","21","16556"
"Nomar Mazara","Rangers","23","14553"
"Yuli Gurriel","Astros","34","19198"
"Matt Duffy","Rays","27","13836"
"Leonys Martin","- - -","30","11846"
"Yadier Molina","Cardinals","35","7007"
"Beau Taylor","Athletics","28","12384"
"Ben Gamel","Mariners","26","12160"
"Christian Arroyo","Rays","23","16434"
"Christian Villanueva","Padres","27","11738"
"DJ LeMahieu","Rockies","29","9874"
"Lourdes Gurriel Jr.","Blue Jays","24","19238"
"Niko Goodrum","Tigers","26","12092"
"Colin Moran","Pirates","25","16909"
"Franchy Cordero","Padres","23","14567"
"Renato Nunez","- - -","24","14503"
"Kevan Smith","White Sox","30","12284"
"Matt Davidson","White Sox","27","7226"
"Aledmys Diaz","Blue Jays","27","15937"
"Willson Contreras","Cubs","26","11609"
"Paul DeJong","Cardinals","24","18015"
"Chris Herrmann","Mariners","30","9284"
"Cesar Hernandez","Phillies","28","10556"
"Chris Iannetta","Rockies","35","8267"
"Jose Rondon","White Sox","24","14140"
"Jason Heyward","Cubs","28","4940"
"Domingo Santana","Brewers","25","10348"
"Yonder Alonso","Indians","31","2530"
"Jose Peraza","Reds","24","13593"
"Joe Mauer","Twins","35","1857"
"Marwin Gonzalez","Astros","29","5497"
"Max Kepler","Twins","25","12144"
"Wilmer Flores","Mets","26","5827"
"Trevor Plouffe","Phillies","32","7462"
"Roman Quinn","Phillies","25","13546"
"Lucas Duda","- - -","32","2502"
"Starlin Castro","Marlins","28","4579"
"Adam Jones","Orioles","32","6368"
"Tyler Flowers","Braves","32","9134"
"Ian Desmond","Rockies","32","6885"
"Phillip Ervin","Reds","25","14738"
"Mason Williams","Reds","26","11859"
"Odubel Herrera","Phillies","26","11476"
"Franklin Barreto","Athletics","22","15519"
"Kolten Wong","Cardinals","27","12532"
"David Bote","Cubs","25","14593"
"Drew Hutchison","- - -","27","10732"
"Jorge Alfaro","Phillies","25","12180"
"J.P. Crawford","Phillies","23","15491"
"Carlos Correa","Astros","23","14162"
"Gerardo Parra","Rockies","31","8553"
"Max Stassi","Astros","27","10059"
"Pablo Sandoval","Giants","31","5409"
"Ronald Guzman","Rangers","23","14388"
"Heath Fillmyer","Royals","24","17466"
"Jonathan Villar","- - -","27","10071"
"Brad Miller","- - -","28","12775"
"Josh Reddick","Astros","31","3892"
"Alex Verdugo","Dodgers","22","17027"
"Brian Goodwin","- - -","27","12858"
"Yoan Moncada","White Sox","23","17232"
"Richard Urena","Blue Jays","22","16411"
"Jeimer Candelario","Tigers","24","13621"
"Evan Gattis","Astros","31","11003"
"John Hicks","Tigers","28","12547"
"Jackie Bradley Jr.","Red Sox","28","12984"
"Rafael Devers","Red Sox","21","17350"
"Luke Maile","Blue Jays","27","13355"
"Danny Valencia","Orioles","33","6364"
"Raimel Tapia","Rockies","24","14350"
"Daniel Vogelbach","Mariners","25","14130"
"Eric Hosmer","Padres","28","3516"
"Joey Rickard","Orioles","27","13277"
"Hanley Ramirez","Red Sox","34","8001"
"Welington Castillo","White Sox","31","3256"
"Ender Inciarte","Braves","27","4922"
"Jason Kipnis","Indians","31","9776"
"Matt Wieters","Nationals","32","4298"
"Trey Mancini","Orioles","26","15149"
"Jake Bauers","Rays","22","15194"
"Marcus Semien","Athletics","27","12533"
"Tucker Barnhart","Reds","27","10200"
"Austin Romine","Yankees","29","5491"
"Ryan LaMarre","- - -","29","10700"
"Brandon Crawford","Giants","31","5343"
"Jon Berti","Blue Jays","28","12037"
"Preston Tucker","- - -","27","13633"
"Russell Martin","Blue Jays","35","4616"
"Brett Gardner","Yankees","34","9927"
"Albert Almora Jr.","Cubs","24","14109"
"Alex Gordon","Royals","34","5209"
"Avisail Garcia","White Sox","27","5760"
"Salvador Perez","Royals","28","7304"
"Isaac Galloway","Marlins","28","5238"
"Jose Iglesias","Tigers","28","10231"
"Brian Dozier","- - -","31","9810"
"Gary Sanchez","Yankees","25","11442"
"Jose Fernandez","Angels","30","19254"
"Pedro Alvarez","Orioles","31","2495"
"Nick Hundley","Giants","34","3376"
"Brent Suter","Brewers","28","13942"
"Travis Jankowski","Padres","27","13768"
"Tyler Saladino","- - -","28","10807"
"Devin Mesoraco","- - -","30","5666"
"Tim Locastro","Dodgers","25","15124"
"Kevin Pillar","Blue Jays","29","12434"
"Todd Frazier","Mets","32","785"
"Kevin Plawecki","Mets","27","13807"
"Austin Hedges","Padres","25","12976"
"Adam Moore","Rays","34","9362"
"Jon Jay","- - -","33","5227"
"Manny Pina","Brewers","31","2829"
"Isiah Kiner-Falefa","Rangers","23","16512"
"Tommy La Stella","Cubs","29","12371"
"Jose Briceno","Angels","25","13151"
"Nick Ahmed","Diamondbacks","28","12147"
"Steven Souza Jr.","Diamondbacks","29","5667"
"Albert Pujols","Angels","38","1177"
"Keon Broxton","Brewers","28","9253"
"Pedro Florimon","Phillies","31","8385"
"Matt Joyce","Athletics","33","3353"
"Rene Rivera","- - -","34","3648"
"Brandon Guyer","Indians","32","2636"
"Ian Kinsler","- - -","36","6195"
"Michael Perez","Rays","25","12977"
"Cedric Mullins II","Orioles","23","17929"
"Mac Williamson","Giants","27","14158"
"Steven Duggar","Giants","24","17719"
"David Fletcher","Angels","24","17992"
"Yolmer Sanchez","White Sox","26","11602"
"Alen Hanson","Giants","25","12926"
"Jordy Mercer","Pirates","31","6547"
"Ryon Healy","Mariners","26","15447"
"Elvis Andrus","Rangers","29","8709"
"Jay Bruce","Mets","31","9892"
"Ryan McMahon","Rockies","23","15112"
"Jorge Bonifacio","Royals","25","12174"
"Craig Gentry","Orioles","34","9571"
"Dilson Herrera","Reds","24","14335"
"Leury Garcia","White Sox","27","5913"
"Evan Longoria","Giants","32","9368"
"Cameron Maybin","- - -","31","5223"
"Miguel Sano","Twins","25","12164"
"Guillermo Heredia","Mariners","27","18721"
"Tim Anderson","White Sox","25","15172"
"Erik Gonzalez","Indians","26","13369"
"Freddy Galvis","Padres","28","6609"
"Ehire Adrianza","Twins","28","8418"
"Wade LeBlanc","Mariners","33","5221"
"Matt Grace","Nationals","29","11449"
"Deck McGuire","- - -","29","11596"
"Taylor Davis","Cubs","28","12782"
"Marcus Stroman","Blue Jays","27","13431"
"Brad Keller","Royals","22","15734"
"Jeff Brigham","Marlins","26","16631"
"Daniel Mengden","Athletics","25","16980"
"Jung Ho Kang","Pirates","31","17182"
"P.J. Conlon","Mets","24","18213"
"Dansby Swanson","Braves","24","18314"
"Nicky Delmonico","White Sox","25","13157"
"Eduardo Nunez","Red Sox","31","6848"
"Hernan Perez","Brewers","27","5751"
"Gorkys Hernandez","Giants","30","4146"
"Neil Walker","Yankees","32","7539"
"Greg Bird","Yankees","25","14131"
"Jim Adduci","Tigers","33","6448"
"Austin Wynns","Orioles","27","15271"
"Hunter Dozier","Royals","26","15117"
"Cory Spangenberg","Padres","27","12294"
"Addison Russell","Cubs","24","14106"
"Amed Rosario","Mets","22","15518"
"Jake Marisnick","Astros","27","11339"
"Jonathan Schoop","- - -","26","11265"
"Jake Lamb","Diamondbacks","27","13329"
"Spencer Kieboom","Nationals","27","13300"
"Zack Cozart","Angels","32","2616"
"Tim Beckham","Orioles","28","7949"
"Manuel Margot","Padres","23","14712"
"Kyle Seager","Mariners","30","9785"
"Adrian Gonzalez","Mets","36","1908"
"Greg Allen","Indians","25","16623"
"Mike Zunino","Mariners","27","13265"
"Dominic Smith","Mets","23","15653"
"Clayton Kershaw","Dodgers","30","2036"
"Austin Slater","Giants","25","16153"
"Ronald Torreyes","Yankees","25","11400"
"Adam Rosales","Indians","35","9682"
"Jace Peterson","- - -","28","12325"
"Brian McCann","Astros","34","4810"
"Josh Harrison","Pirates","30","8202"
"Carlos Gomez","Rays","32","4881"
"Tim Federowicz","- - -","30","8609"
"Yangervis Solarte","Blue Jays","30","5352"
"Devon Travis","Blue Jays","27","13862"
"Logan Morrison","Twins","30","9205"
"Kole Calhoun","Angels","30","11200"
"Jose Pirela","Padres","28","5485"
"German Marquez","Rockies","23","15038"
"Charlie Tilson","White Sox","25","12983"
"Tyler Naquin","Indians","27","13359"
"Hyun-Jin Ryu","Dodgers","31","14444"
"Aaron Altherr","Phillies","27","11270"
"Kevin Kiermaier","Rays","28","11038"
"J.T. Riddle","Marlins","26","17642"
"Miguel Rojas","Marlins","29","7802"
"Austin Dean","Marlins","24","18288"
"Victor Martinez","Tigers","39","393"
"Johnny Field","- - -","26","15048"
"Austin Barnes","Dodgers","28","12158"
"Sam Travis","Red Sox","24","16263"
"Jefry Marte","Angels","27","5107"
"Wilmer Difo","Nationals","26","14320"
"Michael A. Taylor","Nationals","27","11489"
"Travis d'Arnaud","Mets","29","7739"
"Joe Panik","Giants","27","11936"
"Grayson Greiner","Tigers","25","17062"
"Alex Blandino","Reds","25","16271"
"Kyle Farmer","Dodgers","27","14813"
"Max Moroff","Pirates","25","14556"
"Erik Kratz","Brewers","38","4403"
"Adam Duvall","- - -","29","10950"
"Billy Hamilton","Reds","27","10199"
"Francisco Arcia","Angels","28","10286"
"Jacob Nottingham","Brewers","23","16448"
"Dee Gordon","Mariners","30","8203"
"Francisco Mejia","- - -","22","16403"
"Jordan Luplow","Pirates","24","16424"
"Jose Osuna","Pirates","25","12937"
"Mikie Mahtook","Tigers","28","13130"
"Andrew Stevenson","Nationals","24","17932"
"Greg Garcia","Cardinals","28","10951"
"Rob Refsnyder","Rays","27","13770"
"Dan Straily","Marlins","29","9460"
"Martin Maldonado","- - -","31","6887"
"Austin Jackson","- - -","31","9848"
"Adrian Sanchez","Nationals","27","11338"
"JaCoby Jones","Tigers","26","14818"
"Chris Gimenez","- - -","35","7324"
"Logan Forsythe","- - -","31","7185"
"Alex Avila","Diamondbacks","31","7476"
"Andrew Knapp","Phillies","26","14942"
"Juan Graterol","- - -","29","5398"
"Chase Utley","Dodgers","39","1679"
"Blake Swihart","Red Sox","26","13176"
"Delino DeShields","Rangers","25","11379"
"Jonathan Lucroy","Athletics","32","7870"
"Meibrys Viloria","Royals","21","17109"
"Bradley Zimmer","Indians","25","16221"
"Giovanny Urshela","Blue Jays","26","10681"
"Adam Engel","White Sox","26","15082"
"Gregorio Petit","Twins","33","3812"
"Michael Hermosillo","Angels","23","16285"
"Luis Urias","Padres","21","16622"
"Chris Young","Angels","34","3882"
"Ildemaro Vargas","Diamondbacks","26","13324"
"Tom Murphy","Rockies","27","13499"
"Adeiny Hechavarria","- - -","29","10459"
"Victor Caratini","Cubs","24","14968"
"Chase d'Arnaud","Giants","31","6652"
"Rosell Herrera","- - -","25","11611"
"Drew Robinson","Rangers","26","11761"
"John Ryan Murphy","Diamondbacks","27","10346"
"Sean Rodriguez","Pirates","33","6589"
"Christian Walker","Diamondbacks","27","13419"
"Harold Castro","Tigers","24","14691"
"Dustin Fowler","Athletics","23","17098"
"Cheslor Cuthbert","Royals","25","10473"
"Garrett Cooper","Marlins","27","15279"
"Martin Prado","Marlins","34","3312"
"Ranger Suarez","Phillies","22","17277"
"Scott Kingery","Phillies","24","17975"
"Willie Calhoun","Rangers","23","17838"
"Carlos Martinez","Cardinals","26","11682"
"David Freitas","Mariners","29","10619"
"Tony Wolters","Rockies","26","11470"
"Alcides Escobar","Royals","31","6310"
"Dexter Fowler","Cardinals","32","4062"
"Josh Phegley","Athletics","30","9308"
"Danny Santana","Braves","27","10322"
"Chance Sisco","Orioles","23","15694"
"Peter Bourjos","Braves","31","2578"
"Ryan Flaherty","Braves","31","7888"
"Ronny Rodriguez","Tigers","26","11875"
"Dylan Cozens","Phillies","24","15115"
"Breyvic Valera","- - -","26","12758"
"James McCann","Tigers","28","12859"
"Taylor Ward","Angels","24","17548"
"Carlos Asuaje","Padres","26","15197"
"Dawel Lugo","Tigers","23","14713"
"Jose Reyes","Mets","35","1736"
"Hunter Pence","Giants","35","8252"
"Gregor Blanco","Giants","34","3123"
"Noel Cuevas","Rockies","26","11894"
"Orlando Arcia","Brewers","23","13185"
"Luis Valbuena","Angels","32","4969"
"Drew Butera","- - -","34","3411"
"Rafael Ortega","Marlins","27","10323"
"Derek Fisher","Astros","24","16192"
"Michael Reed","Braves","25","13228"
"Caleb Joseph","Orioles","32","7087"
"Rajai Davis","Indians","37","3708"
"Chris Owings","Diamondbacks","26","10030"
"Chris Shaw","Giants","24","17738"
"Chad Wallach","Marlins","26","17161"
"Jesmuel Valentin","Phillies","24","14548"
"Zack Greinke","Diamondbacks","34","1943"
"Nick Ciuffo","Rays","23","16291"
"Pete Kozma","Tigers","30","2539"
"Kyle Higashioka","Yankees","28","5517"
"Lewis Brinson","Marlins","24","14352"
"Ryan Rua","Rangers","28","12409"
"Brandon Dixon","Reds","26","15214"
"Carlos Tocci","Rangers","22","14558"
"John Andreoli","- - -","28","13012"
"Brett Phillips","- - -","24","14735"
"Ryan Goins","Royals","30","9807"
"Jett Bandy","Brewers","28","12508"
"Andrew Toles","Dodgers","26","13414"
"Abraham Almonte","Royals","29","5486"
"Jarrod Dyson","Diamondbacks","33","4866"
"Dixon Machado","Tigers","26","11472"
"Max Scherzer","Nationals","33","3137"
"Christopher Bostick","- - -","25","13718"
"Jeff Mathis","Diamondbacks","35","3448"
"Brandon Phillips","Red Sox","37","791"
"Kristopher Negron","- - -","32","5306"
"Cam Gallagher","Royals","25","12981"
"Anthony Santander","Orioles","23","14551"
"Matt Szczur","Padres","28","11255"
"Luis Guillorme","Mets","23","16451"
"Eric Young Jr.","Angels","33","7158"
"Corban Joseph","Orioles","29","5503"
"Abiatal Avelino","Giants","23","15496"
"Christian Vazquez","Red Sox","27","9774"
"Chris Davis","Orioles","32","9272"
"Kelby Tomlinson","Giants","28","13005"
"Brandon Drury","- - -","25","11615"
"Raffy Lopez","Padres","30","12606"
"Roberto Perez","Indians","29","2900"
"Miguel Gomez","Giants","25","17075"
"Bobby Wilson","Twins","35","6564"
"Jason Castro","Twins","31","8722"
"David Wright","Mets","35","3787"
"Eddie Butler","- - -","27","13453"
"Robert Stephenson","Reds","25","13594"
"Jackson Stephens","Reds","24","14420"
"David Hess","Orioles","24","16130"
"Edmundo Sosa","Cardinals","22","17022"
"Victor Reyes","Tigers","23","15487"
"Jonathan Davis","Blue Jays","26","15104"
"Bryan Holaday","Marlins","30","11287"
"Andrew Romine","Mariners","32","1159"
"Nate Orf","Brewers","28","15407"
"Sandy Leon","Red Sox","29","5273"
"Nolan Fontana","Angels","27","13267"
"Tomas Telis","Marlins","27","10067"
"Hanser Alberto","Rangers","25","11902"
"Jack Reinheimer","Mets","25","14938"
"Dalton Pompey","Blue Jays","25","12797"
"Jacob Stallings","Pirates","28","13723"
"Pedro Severino","Nationals","24","14523"
"Bruce Maxwell","Athletics","27","13866"
"Carlos Carrasco","Indians","31","6632"
"Brett Anderson","Athletics","30","8223"
"Brian Johnson","Red Sox","27","14272"
"Taylor Williams","Brewers","26","14899"
"Jose Trevino","Rangers","25","16725"
"Merandy Gonzalez","Marlins","22","17313"
"JB Shuck","Marlins","31","6677"
"Yadiel Rivera","Marlins","26","11863"
"Taylor Motter","- - -","28","12399"
"Jesus Sucre","Rays","30","5942"
"Jose Lobaton","Mets","33","4243"
"J.D. Davis","Astros","25","16219"
"Phil Gosselin","Reds","29","10953"
"Francisco Pena","Cardinals","28","8298"
"Tyler Wade","Yankees","23","15730"
"Luis Sardinas","Orioles","25","13153"
"Socrates Brito","Diamondbacks","25","12944"
"Ichiro Suzuki","Mariners","44","1101"
"Robbie Erlin","Padres","27","10354"
"Gordon Beckham","Mariners","31","9015"
"Boog Powell","Athletics","25","15103"
"Kevin Newman","Pirates","24","17696"
"Gabriel Guerrero","Reds","24","14528"
"Tanner Roark","Nationals","31","8753"
"Steve Wilkerson","Orioles","26","16041"
"Brandon Snyder","Rays","31","9856"
"Kyle Tucker","Astros","21","18345"
"Vince Velasquez","Phillies","26","11189"
"Pat Valaika","Rockies","25","14885"
"Tyson Ross","- - -","31","7872"
"Cliff Pennington","Reds","34","3395"
"Austin Gomber","Cardinals","24","16561"
"Kaleb Cowart","Angels","26","11494"
"Javier Guerra","Padres","22","17292"
"Rio Ruiz","Braves","24","14103"
"Juan Centeno","Rangers","28","7168"
"Shane Robinson","Yankees","33","4249"
"Engelb Vielma","Orioles","24","15481"
"Dillon Peters","Marlins","25","18790"
"Chris Stewart","- - -","36","3878"
"Pablo Lopez","Marlins","22","17085"
"Deven Marrero","Diamondbacks","27","13325"
"Colby Rasmus","Orioles","31","9893"
"Luis Perdomo","Padres","25","14682"
"Patrick Corbin","Diamondbacks","28","9323"
"Eric Sogard","Brewers","32","7927"
"Tony Cruz","Reds","31","2802"
"Tomas Nido","Mets","24","13755"
"Magneuris Sierra","Marlins","22","17023"
"Moises Sierra","Nationals","29","6050"
"Julio Teheran","Braves","27","6797"
"Blake Trahan","Reds","24","17588"
"Ramon Torres","Royals","25","14113"
"Jefry Rodriguez","Nationals","24","17018"
"Chase Headley","Padres","34","4720"
"Steven Matz","Mets","27","13361"
"Daniel Castro","Rockies","25","15450"
"Braxton Lee","Marlins","24","16839"
"Zack Wheeler","Mets","28","10310"
"Wade Miley","Brewers","31","8779"
"Miles Mikolas","Cardinals","29","9803"
"Jacob deGrom","Mets","30","10954"
"Robert Gsellman","Mets","24","13696"
"Mitch Walding","Phillies","25","13006"
"Joe Hudson","Angels","27","14412"
"Jake Arrieta","Phillies","32","4153"
"Mike Marjama","Mariners","28","12594"
"Steven Brault","Pirates","26","15291"
"Paulo Orlando","Royals","32","8628"
"Justin Verlander","Astros","35","8700"
"Steven Baron","Cardinals","27","9787"
"Dylan Bundy","Orioles","25","12917"
"Terrance Gore","Cubs","27","13658"
"Alec Mills","Cubs","26","13834"
"Sean Manaea","Athletics","26","15873"
"Odrisamer Despaigne","- - -","31","16017"
"Caleb Ferguson","Dodgers","21","19349"
"Jhoulys Chacin","Brewers","30","2608"
"Daniel Ponce de Leon","Cardinals","26","16110"
"Carlos Perez","- - -","27","10642"
"Matt Reynolds","Nationals","27","13788"
"Phillip Evans","Mets","25","12950"
"Dustin Pedroia","Red Sox","34","8370"
"Cole Hamels","- - -","34","4972"
"Byron Buxton","Twins","24","14161"
"Jake Smolinski","Athletics","29","5408"
"Walker Buehler","Dodgers","23","19374"
"Madison Bumgarner","Giants","28","5524"
"Jabari Blash","Angels","28","11247"
"Trayce Thompson","- - -","27","9952"
"Tyler Chatwood","Cubs","28","4338"
"Carson Kelly","Cardinals","23","13620"
"Mike Tauchman","Rockies","27","15274"
"Clayton Richard","Padres","34","3551"
"Jack Flaherty","Cardinals","22","17479"
"Nathan Eovaldi","- - -","28","9132"
"Joe Musgrove","Pirates","25","12970"
"Anthony DeSclafani","Reds","28","13050"
"Luke Weaver","Cardinals","24","16918"
"Jason Vargas","Mets","35","8044"
"Anthony Alford","Blue Jays","23","14329"
"Matt Koch","Diamondbacks","27","13420"
"Charlie Morton","Astros","34","4676"
"Steve Cishek","Cubs","32","6483"
"Alex Cobb","Orioles","30","6562"
"James Shields","White Sox","36","7059"
"Efren Navarro","Cubs","32","9854"
"Eric Haase","Indians","25","14111"
"Kevin Gausman","- - -","27","14107"
"Kevin Kramer","Pirates","24","17689"
"Ryan Cordell","White Sox","26","15181"
"Tyler Mahle","Reds","23","16358"
"Nick Kingham","Pirates","26","11694"
"Mike Gerber","Tigers","25","16115"
"Wei-Yin Chen","Marlins","32","13071"
"Shelby Miller","Diamondbacks","27","10197"
"Walker Lockett","Padres","24","13804"
"Kevin Kaczmarski","Mets","26","18146"
"Noah Syndergaard","Mets","25","11762"
"Stephen Strasburg","Nationals","29","10131"
"Tyler Anderson","Rockies","28","12880"
"Junior Guerra","Brewers","33","5702"
"John Gant","Cardinals","25","13684"
"Ty Kelly","Mets","29","7740"
"Seth Lugo","Mets","28","12447"
"Trevor Williams","Pirates","26","16977"
"Chris Stratton","Giants","27","13761"
"Dan Butler","Red Sox","31","9968"
"Chad Kuhl","Pirates","25","14975"
"Nick Pivetta","Phillies","25","15454"
"Chris Archer","- - -","29","6345"
"Adolis Garcia","Cardinals","25","19287"
"Jon Lester","Cubs","34","4930"
"Homer Bailey","Reds","32","8362"
"Caleb Smith","Marlins","26","14875"
"Brandon McCarthy","Braves","34","4662"
"Joey Lucchesi","Padres","25","19320"
"Andrew Susac","Orioles","28","13132"
"Luis Castillo","Reds","25","15689"
"Jon Gray","Rockies","26","14916"
"Jordan Lyles","- - -","27","7593"
"Chad Bettis","Rockies","29","10587"
"Kyle Freeland","Rockies","25","16256"
"Max Fried","Braves","24","13743"
"Andrew Heaney","Angels","27","15423"
"Mike Soroka","Braves","20","18383"
"Zach Eflin","Phillies","24","13774"
"Yu Darvish","Cubs","31","13074"
"Mike Montgomery","Cubs","28","4869"
"Bryan Mitchell","Padres","27","11479"
"Alfredo Gonzalez","White Sox","25","14267"
"Zack Godley","Diamondbacks","28","14862"
"Michael Wacha","Cardinals","26","14078"
"Dereck Rodriguez","Giants","26","14509"
"Erick Fedde","Nationals","25","17425"
"Matt Harvey","- - -","29","11713"
"Antonio Senzatela","Rockies","23","15488"
"Clay Buchholz","Diamondbacks","33","3543"
"Eric Lauer","Padres","23","19316"
"Gio Gonzalez","- - -","32","7448"
"Jeff Samardzija","Giants","33","3254"
"Touki Toussaint","Braves","22","16929"
"Jarrod Saltalamacchia","Tigers","33","5557"
"Tommy Milone","Nationals","31","7608"
"Kyle Hendricks","Cubs","28","12049"
"Gift Ngoepe","Blue Jays","28","10340"
"Kenta Maeda","Dodgers","30","18498"
"Andrew Suarez","Giants","25","18300"
"Rich Hill","Dodgers","38","4806"
"Adam Wainwright","Cardinals","36","2233"
"Ross Stripling","Dodgers","28","13273"
"Jameson Taillon","Pirates","26","11674"
"Chase Anderson","Brewers","30","6895"
"Trevor Richards","Marlins","25","19309"
"Robbie Ray","Diamondbacks","26","11486"
"Ty Blach","Giants","27","14361"
"Jarlin Garcia","Marlins","25","18282"
"Derek Holland","Giants","31","4141"
"Jose Quintana","Cubs","29","11423"
"Jeremy Hellickson","Nationals","31","4371"
"Matt den Dekker","Mets","30","11385"
"Sherman Johnson","Angels","27","13906"
"Sean Newcomb","Braves","25","16943"
"Sal Romano","Reds","24","13690"
"Aaron Nola","Phillies","25","16149"
"Zach Davies","Brewers","25","13183"
"Jose Urena","Marlins","26","11589"
"Miguel Montero","Nationals","34","3364"
"Cody Reed","Reds","25","15232"
"Sandy Alcantara","Marlins","22","18684"
"Mike Foltynewicz","Braves","26","10811"
"Alex Wood","Dodgers","27","13781"
"Anibal Sanchez","Braves","34","3284"
"Freddy Peralta","Brewers","22","18679"
"Ivan Nova","Pirates","31","1994"
"Xavier Cedeno","- - -","31","36"
"Bartolo Colon","Rangers","45","375"
"CC Sabathia","Yankees","37","404"
"Fernando Rodney","- - -","41","494"
"Rhiner Cruz","Blue Jays","31","711"
"Marco Estrada","Blue Jays","34","1118"
"Tommy Hunter","Phillies","31","1157"
"Matt Bush","Rangers","32","1246"
"Adam Ottavino","Rockies","32","1247"
"Blake Wood","Angels","32","1345"
"Jon Edwards","Indians","30","1483"
"Oliver Perez","Indians","36","1514"
"Sean Doolittle","Nationals","31","1581"
"Matt Belisle","- - -","38","1837"
"Edwin Jackson","Athletics","34","1841"
"Ryan Madson","- - -","37","1852"
"Matt Moore","Rangers","29","1890"
"Blaine Boyer","Royals","36","2237"
"Hector Rondon","Astros","30","2391"
"Corey Kluber","Indians","32","2429"
"Lance Lynn","- - -","31","2520"
"Brett Cecil","Cardinals","31","2660"
"Ross Detwiler","Mariners","32","2859"
"Santiago Casilla","Athletics","37","2873"
"Luis Avilan","- - -","28","2882"
"Zach McAllister","- - -","30","2895"
"Josh Ravin","Braves","30","2951"
"Kenley Jansen","Dodgers","30","3096"
"Tony Watson","Giants","33","3132"
"Tim Collins","Nationals","28","3164"
"David Price","Red Sox","32","3184"
"Will Harris","Astros","33","3192"
"Ervin Santana","Twins","35","3200"
"Francisco Liriano","Tigers","34","3201"
"T.J. McFarland","Diamondbacks","29","3237"
"Zack Britton","- - -","30","3240"
"Joe Smith","Astros","34","3281"
"Chris Hatcher","Athletics","33","3299"
"Darren O'Day","Orioles","35","3321"
"Danny Duffy","Royals","29","3542"
"Liam Hendriks","Athletics","29","3548"
"Tony Barnette","Rangers","34","3555"
"Jim Johnson","Angels","35","3656"
"Zach Duke","- - -","35","3840"
"Matt Magill","Twins","28","3950"
"Allen Webster","Cubs","28","3993"
"Yusmeiro Petit","Athletics","33","4020"
"Hector Santiago","White Sox","30","4026"
"Pedro Strop","Cubs","33","4070"
"Junichi Tazawa","- - -","32","4079"
"Luke Gregerson","Cardinals","34","4090"
"Edward Paredes","Dodgers","31","4168"
"David Hernandez","Reds","33","4259"
"Mark Melancon","Giants","33","4264"
"Matt Albers","Brewers","35","4300"
"Justin Wilson","Cubs","30","4301"
"Jordan Zimmermann","Tigers","32","4505"
"Jason Hammel","Royals","35","4538"
"Pat Neshek","Phillies","37","4682"
"Nate Jones","White Sox","32","4696"
"Felix Hernandez","Mariners","32","4772"
"Matt Shoemaker","Angels","31","4776"
"Brandon Maurer","Royals","27","4878"
"Peter Moylan","Braves","39","4891"
"Fernando Salas","Diamondbacks","33","4971"
"Jake Diekman","- - -","31","5003"
"Josh Fields","Dodgers","32","5070"
"Jeurys Familia","- - -","28","5114"
"Brandon Mann","Rangers","34","5172"
"Blake Parker","Angels","33","5224"
"Wilmer Font","- - -","28","5257"
"Chris Tillman","Orioles","30","5279"
"Jose Alvarez","Angels","29","5358"
"Brad Peacock","Astros","30","5401"
"Pedro Baez","Dodgers","30","5420"
"Jesse Chavez","- - -","34","5448"
"Arodys Vizcaino","Braves","27","5498"
"Boone Logan","Brewers","33","5525"
"Ryan Brasier","Red Sox","30","5615"
"Tyler Clippard","Blue Jays","33","5640"
"Bruce Rondon","White Sox","27","5766"
"Jhan Marinez","Orioles","29","5830"
"Randall Delgado","Diamondbacks","28","5985"
"Kelvin Herrera","- - -","28","6033"
"Dellin Betances","Yankees","30","6216"
"Trevor Cahill","Athletics","30","6249"
"Jake Odorizzi","Twins","28","6397"
"Trevor May","Twins","28","6398"
"Kevin Jepsen","Rangers","33","6475"
"Blaine Hardy","Tigers","31","6499"
"Robert Stock","Padres","28","6576"
"Marc Rzepczynski","- - -","32","6612"
"Brad Brach","- - -","32","6627"
"Craig Kimbrel","Red Sox","30","6655"
"Alex Colome","- - -","29","6661"
"Miguel Socolovich","Braves","31","6697"
"Andrew Miller","Indians","33","6785"
"Sam Freeman","Braves","31","6832"
"Johnny Cueto","Giants","32","6893"
"Martin Perez","Rangers","27","6902"
"Joakim Soria","- - -","34","6941"
"Luis Garcia","Phillies","31","6984"
"Ryan Pressly","- - -","29","7005"
"Miguel Gonzalez","White Sox","34","7024"
"Pat Venditte","Dodgers","33","7108"
"Daniel Hudson","Dodgers","31","7146"
"Jonny Venters","- - -","33","7175"
"Greg Holland","- - -","32","7196"
"Craig Stammen","Padres","34","7274"
"Brad Ziegler","- - -","38","7293"
"Preston Guilmet","- - -","30","7303"
"Dan Otero","Indians","33","7385"
"Javy Guerra","Marlins","32","7407"
"Wade Davis","Rockies","32","7441"
"Phil Hughes","- - -","32","7450"
"Anthony Swarzak","Mets","32","7466"
"Collin McHugh","Astros","31","7531"
"Jake McGee","Rockies","31","7550"
"Nick Vincent","Mariners","31","7555"
"Carlos Torres","Nationals","35","7624"
"Neil Ramirez","Indians","29","7677"
"Juan Nicasio","Mariners","31","7731"
"Wily Peralta","Royals","29","7738"
"Mike Fiers","- - -","33","7754"
"Shawn Kelley","- - -","34","7773"
"Richard Bleier","Orioles","31","7803"
"Hunter Strickland","Giants","29","7836"
"Cory Gearrin","- - -","32","7947"
"Anthony Bass","Cubs","30","7982"
"Marcus Walden","Red Sox","29","8004"
"Will Smith","Giants","28","8048"
"Bryan Shaw","Rockies","30","8110"
"Jaime Garcia","- - -","31","8137"
"Yovani Gallardo","- - -","32","8173"
"Steven Wright","Red Sox","33","8185"
"David Robertson","Yankees","33","8241"
"Tony Sipp","Astros","34","8280"
"JC Ramirez","Angels","29","8302"
"AJ Ramos","Mets","31","8350"
"John Lamb","Angels","27","8493"
"Danny Farquhar","White Sox","31","8501"
"Jeff Beliveau","Indians","31","8504"
"Tyler Cloyd","Marlins","31","8536"
"Justin Miller","Nationals","31","8580"
"Andrew Cashner","Orioles","31","8782"
"Oliver Drake","- - -","31","8823"
"Ryan Cook","Mariners","31","8855"
"Adam Warren","- - -","30","9029"
"Jeanmar Gomez","White Sox","30","9033"
"J.J. Hoover","Brewers","30","9037"
"John Axford","- - -","35","9059"
"Jeremy Bleich","Athletics","31","9069"
"Kirby Yates","Padres","31","9073"
"Brad Hand","- - -","28","9111"
"Gregory Infante","White Sox","30","9119"
"Casey Kelly","Giants","28","9174"
"Alex Wilson","Tigers","31","9239"
"Daniel Corcino","Dodgers","27","9266"
"Rob Scahill","White Sox","31","9286"
"Buddy Baumann","- - -","30","9309"
"Jared Hughes","Reds","32","9325"
"Brandon Morrow","Cubs","33","9346"
"Josh Tomlin","Indians","33","9388"
"Kris Medlen","Diamondbacks","32","9417"
"Zac Rosscup","Dodgers","30","9419"
"Doug Fister","Rangers","34","9425"
"Dallas Keuchel","Astros","30","9434"
"Ryan Buchter","Athletics","31","9456"
"George Kontos","- - -","33","9486"
"Jeremy Jeffress","Brewers","30","9490"
"Bud Norris","Cardinals","33","9492"
"Austin Bibens-Dirkx","Rangers","33","9559"
"Mike Zagurski","Brewers","35","9683"
"Louis Coleman","Tigers","32","9720"
"David Hale","- - -","30","9756"
"Joe Kelly","Red Sox","30","9761"
"Garrett Richards","Angels","30","9784"
"Rex Brothers","Braves","30","9794"
"Murphy Smith","Blue Jays","30","9812"
"Sergio Romo","Rays","35","9817"
"Chaz Roe","Rays","31","9866"
"Chris Volstad","White Sox","31","9901"
"Brandon Kintzler","- - -","33","9939"
"Mike Dunn","Rockies","33","9948"
"Ian Krol","Angels","27","10066"
"Mike Leake","Mariners","30","10130"
"Brad Boxberger","Diamondbacks","30","10133"
"Ryan Weber","Rays","27","10160"
"Nick Franklin","Brewers","27","10166"
"Jose Ramirez","Braves","28","10171"
"Jacob Turner","- - -","27","10185"
"Tyler Skaggs","Angels","26","10190"
"Aroldis Chapman","Yankees","30","10233"
"Alexi Ogando","Indians","34","10261"
"Josh Smoker","- - -","29","10285"
"Ryan Tepera","Blue Jays","30","10291"
"Chad Bell","Tigers","29","10297"
"Erasmo Ramirez","Mariners","28","10314"
"Juan Minaya","White Sox","27","10341"
"Aaron Loup","- - -","30","10343"
"Brooks Pounders","Rockies","27","10387"
"Mychal Givens","Orioles","28","10430"
"Dean Kiekhefer","Athletics","29","10529"
"Rocky Gale","Dodgers","30","10533"
"Jake Petricka","Blue Jays","30","10534"
"Addison Reed","Twins","29","10586"
"Scott Alexander","Dodgers","28","10591"
"Chris Sale","Red Sox","29","10603"
"Adam Liberatore","Dodgers","31","10637"
"Tyler Thornburg","Red Sox","29","10688"
"Scott Copeland","Mets","30","10706"
"Shane Greene","Tigers","29","10756"
"Adam Kolarek","Rays","29","10843"
"Chasen Shreve","- - -","27","10855"
"Chase Whitley","Braves","29","10982"
"Kevin Shackelford","Reds","29","11012"
"Casey Lawrence","Mariners","30","11121"
"Casey Sadler","Pirates","27","11209"
"Mike Freeman","Cubs","30","11241"
"Zach Neal","Dodgers","29","11294"
"Tyler Lyons","Cardinals","30","11334"
"Brandon Cumpton","Blue Jays","29","11366"
"Tommy Kahnle","Yankees","28","11384"
"Danny Barnes","Blue Jays","28","11388"
"Drew Pomeranz","Red Sox","29","11426"
"Brandon Workman","Red Sox","29","11428"
"Johnny Barbato","Tigers","25","11440"
"Sammy Solis","Nationals","29","11457"
"Aaron Sanchez","Blue Jays","25","11490"
"Parker Bridwell","Angels","26","11502"
"Josh Osich","Giants","29","11528"
"Dovydas Neverauskas","Pirates","25","11604"
"Heath Hembree","Red Sox","29","11632"
"Josh Lucas","Athletics","27","11686"
"Tayron Guerrero","Marlins","27","11691"
"Sam Dyson","Giants","30","11710"
"Erik Goeddel","- - -","29","11712"
"Justin Grimm","- - -","29","11720"
"Carlos Ramirez","- - -","27","11743"
"Hansel Robles","- - -","27","11801"
"Hector Neris","Phillies","29","11804"
"James Paxton","Mariners","29","11828"
"Taijuan Walker","Diamondbacks","25","11836"
"Chris Martin","Rangers","32","11847"
"Jason Adam","Royals","26","11861"
"Michael Feliz","Pirates","25","11903"
"Taylor Cole","Angels","28","11964"
"Matt Andriese","- - -","28","12022"
"Brian Flynn","Royals","28","12027"
"Felipe Vazquez","Pirates","26","12076"
"Yimi Garcia","Dodgers","27","12095"
"Cody Allen","Indians","29","12183"
"Akeel Morris","Angels","25","12185"
"Dan Winkler","Braves","28","12237"
"Ryan Sherriff","Cardinals","28","12249"
"Aaron Brooks","Athletics","28","12272"
"Evan Marshall","Indians","28","12297"
"Chris Bassitt","Athletics","29","12304"
"Justin Hancock","Cubs","27","12316"
"Jacob Barnes","Brewers","28","12323"
"Kevin Quackenbush","Reds","29","12360"
"Nick Tropeano","Angels","27","12385"
"Chasen Bradford","Mariners","28","12452"
"Drew Rucinski","Marlins","29","12499"
"Cory Mazzoni","Cubs","28","12537"
"Drew Gagnon","Mets","28","12545"
"Tony Cingrani","Dodgers","28","12555"
"Blake Treinen","Athletics","30","12572"
"D.J. Johnson","Rockies","28","12578"
"Adam Morgan","Phillies","28","12580"
"Mike Wright Jr.","Orioles","28","12586"
"Jerad Eickhoff","Phillies","27","12664"
"Ryan Carpenter","Tigers","27","12699"
"Trevor Bauer","Indians","27","12703"
"Adrian Houser","Brewers","25","12718"
"Chris Devenski","Astros","27","12763"
"Sonny Gray","Yankees","28","12768"
"John Brebbia","Cardinals","28","12777"
"Sean Gilmartin","Orioles","28","12781"
"Burch Smith","Royals","28","12784"
"Noe Ramirez","Angels","28","12800"
"Matt Wisler","- - -","25","12804"
"Mike Clevinger","Indians","27","12808"
"Andrew Kittredge","Rays","28","12828"
"Shawn Armstrong","Mariners","27","12857"
"Matt Barnes","Red Sox","28","12863"
"Alex Claudio","Rangers","26","12890"
"Ken Giles","- - -","27","12910"
"Archie Bradley","Diamondbacks","25","12918"
"Roberto Gomez","Giants","28","12963"
"Joe Ross","Nationals","25","12972"
"Andrew Chafin","Diamondbacks","28","12988"
"Colten Brewer","Padres","25","12997"
"Robby Scott","Red Sox","28","13042"
"Reymin Guduan","Astros","26","13058"
"Gerrit Cole","Astros","27","13125"
"Eduardo Rodriguez","Red Sox","25","13164"
"Carson Smith","Red Sox","28","13172"
"Kyle Crick","Pirates","25","13182"
"Adalberto Mejia","Twins","25","13188"
"Joe Biagini","Blue Jays","28","13194"
"Warwick Saupold","Tigers","28","13211"
"Michael Fulmer","Tigers","25","13218"
"Daniel Coulombe","Athletics","28","13293"
"Jake Barrett","Diamondbacks","26","13322"
"James Pazos","Mariners","27","13323"
"William Cuevas","Red Sox","27","13331"
"Adrian Sampson","Rangers","26","13339"
"Luis Cessa","Yankees","26","13345"
"Hoby Milner","- - -","27","13346"
"Cam Bedrosian","Angels","26","13360"
"Dylan Floro","- - -","27","13394"
"Felix Pena","Angels","28","13403"
"Chris Beck","- - -","27","13418"
"Drew VerHagen","Tigers","27","13424"
"Pierce Johnson","Giants","27","13435"
"Mike Morin","Mariners","27","13442"
"Tony Renda","Red Sox","27","13443"
"Taylor Rogers","Twins","27","13449"
"Lucas Sims","- - -","24","13470"
"Daniel Norris","Tigers","25","13475"
"Connor Sadzeck","Rangers","26","13483"
"Sam Tuivailala","- - -","25","13485"
"Matt Bowman","Cardinals","27","13528"
"Andrew Triggs","Athletics","29","13533"
"Richard Rodriguez","Pirates","28","13549"
"Alec Asher","Brewers","26","13560"
"Justin Haley","Red Sox","27","13572"
"Steven Okert","Giants","26","13580"
"Carl Edwards Jr.","Cubs","26","13607"
"Taylor Guerrieri","Blue Jays","25","13616"
"Jakob Junis","Royals","25","13619"
"Clay Holmes","Pirates","25","13649"
"Corey Oswalt","Mets","24","13677"
"Nick Goody","Indians","26","13685"
"Jake Faria","Rays","24","13699"
"Joey Krehbiel","Diamondbacks","25","13707"
"Kyle Barraclough","Marlins","28","13713"
"Tyler Duffey","Twins","27","13758"
"Dominic Leone","Cardinals","26","13763"
"Roberto Osuna","- - -","23","13764"
"JT Chargois","Dodgers","27","13767"
"Daniel Stumpf","Tigers","27","13780"
"Matt Strahm","Padres","26","13799"
"Austin Adams","Nationals","27","13801"
"Chris O'Grady","Marlins","28","13818"
"Paul Sewald","Mets","28","13892"
"Chris Flexen","Mets","23","13896"
"Scott Oberg","Rockies","28","13911"
"Tim Peterson","Mets","27","13946"
"Ryan Dull","Athletics","28","13974"
"Mike Hauschild","Blue Jays","28","14033"
"Lance McCullers Jr.","Astros","24","14120"
"Miguel Almonte","Angels","25","14139"
"Rob Whalen","Mariners","24","14165"
"Jose Berrios","Twins","24","14168"
"Ray Black","Giants","28","14244"
"Luke Bard","Angels","27","14288"
"Wandy Peralta","Reds","26","14295"
"Frankie Montas","Athletics","25","14309"
"Williams Jerez","Angels","26","14338"
"Caleb Frare","White Sox","24","14353"
"Jake Thompson","Phillies","24","14371"
"Tyler Glasnow","- - -","24","14374"
"Amir Garrett","Reds","26","14375"
"Yohander Mendez","Rangers","23","14391"
"Adam Conley","Marlins","28","14457"
"Jose Valdez","Giants","28","14470"
"J.B. Wendelken","Athletics","25","14506"
"Thyago Vieira","White Sox","24","14510"
"Jose Leclerc","Rangers","24","14524"
"Jose Ruiz","White Sox","23","14552"
"James Hoyt","Astros","31","14605"
"Rowan Wick","Padres","25","14646"
"Dillon Maples","Cubs","26","14672"
"Duane Underwood Jr.","Cubs","23","14677"
"Keone Kela","- - -","25","14696"
"Anthony Banda","Rays","24","14706"
"Edwin Diaz","Mariners","24","14710"
"Ty Buttrey","Angels","25","14719"
"Jose Fernandez","Blue Jays","25","14733"
"Paul Blackburn","Athletics","24","14739"
"Tyler Olson","Indians","28","14741"
"Wes Parsons","Braves","25","14764"
"Julio Urias","Dodgers","21","14765"
"Emilio Pagan","Athletics","27","14771"
"Buck Farmer","Tigers","27","14814"
"Dylan Covey","White Sox","26","14825"
"Bobby Wahl","Mets","26","14832"
"Nick Rumbelow","Mariners","26","14867"
"Ben Lively","- - -","26","14932"
"Reyes Moronta","Giants","25","14966"
"Tyler Webb","- - -","27","14974"
"Giovanny Gallegos","- - -","26","14986"
"Scott Barlow","Royals","25","14993"
"Luis Santos","Blue Jays","27","15006"
"Yacksel Rios","Phillies","25","15007"
"Corey Knebel","Brewers","26","15010"
"Alex Reyes","Cardinals","23","15015"
"Victor Alcantara","Tigers","25","15028"
"Kyle Crockett","Reds","26","15033"
"Chase De Jong","Twins","24","15036"
"Tim Mayza","Blue Jays","26","15042"
"Lou Trivino","Athletics","26","15043"
"Trevor Gott","Nationals","25","15046"
"Austin Voth","Nationals","26","15047"
"Silvino Bracho","Diamondbacks","25","15051"
"Jaime Schultz","Rays","27","15066"
"Yency Almonte","Rockies","24","15068"
"Kyle McGowin","Nationals","26","15071"
"Hunter Wood","Rays","24","15091"
"Rob Zastryzny","Cubs","26","15094"
"Luke Farrell","Cubs","27","15101"
"Jimmie Sherfy","Diamondbacks","26","15118"
"Tyler Danish","White Sox","23","15126"
"Drew Anderson","Phillies","24","15130"
"Jake Newberry","Royals","23","15136"
"Jimmy Yacabonis","Orioles","26","15157"
"Braden Shipley","Diamondbacks","26","15158"
"Luiz Gohara","Braves","21","15166"
"Dustin Peterson","Braves","23","15189"
"Glenn Sparkman","Royals","26","15200"
"Tyler Bashlor","Mets","25","15203"
"Aaron Slegers","Twins","25","15231"
"Alan Busenitz","Twins","27","15239"
"Kevin McCarthy","Royals","26","15240"
"Shane Carle","Braves","26","15258"
"Keynan Middleton","Angels","24","15264"
"Jacob Rhame","Mets","25","15267"
"Zac Reininger","Tigers","25","15285"
"Adam Cimber","- - -","27","15288"
"Austin Pruitt","Rays","28","15290"
"Donnie Hart","Orioles","27","15306"
"Matthew Boyd","Tigers","27","15440"
"Zack Weiss","Reds","26","15444"
"Ricardo Rodriguez","Rangers","25","15458"
"Marco Gonzales","Mariners","26","15467"
"Lucas Giolito","White Sox","23","15474"
"Aristides Aquino","Reds","24","15482"
"Justin Williams","Rays","22","15490"
"Stephen Gonsalves","Twins","23","15492"
"Kohl Stewart","Twins","23","15502"
"Kendall Graveman","Athletics","27","15514"
"Jen-Ho Tseng","Cubs","23","15524"
"Mark Leiter","- - -","27","15551"
"Chad Green","Yankees","27","15552"
"Troy Scribner","Diamondbacks","26","15570"
"Nick Wittgren","Marlins","27","15594"
"Yefry Ramirez","Orioles","24","15655"
"Miguel Castro","Orioles","23","15684"
"Jimmy Cordero","Nationals","26","15690"
"Joe Jimenez","Tigers","23","15761"
"Masahiro Tanaka","Yankees","29","15764"
"Rafael Bautista","Nationals","25","15769"
"Zack Littell","Twins","22","15823"
"Paul Fry","Orioles","25","15832"
"Adam Plutko","Indians","26","15846"
"Wander Suero","Nationals","26","15855"
"Stephen Tarpley","Yankees","25","15859"
"Fernando Romero","Twins","23","15885"
"Luis Severino","Yankees","24","15890"
"Victor Arano","Phillies","23","15915"
"Ryne Stanek","Rays","26","15947"
"D.J. Snelten","Giants","26","15949"
"Keury Mella","Reds","24","15964"
"Nick Burdi","Pirates","25","16074"
"Edubray Ramos","Phillies","25","16086"
"John Curtiss","Twins","25","16128"
"Justin Shafer","Blue Jays","25","16132"
"Carlos Rodon","White Sox","25","16137"
"Eric Skoglund","Royals","25","16155"
"Jace Fry","White Sox","24","16159"
"Daniel Gossett","Athletics","25","16164"
"Justin Anderson","Angels","25","16201"
"Spencer Turnbull","Tigers","25","16207"
"Brandon Finnegan","Reds","25","16208"
"Brett Graves","Marlins","25","16218"
"A.J. Reed","Astros","25","16246"
"Aaron Bummer","White Sox","24","16258"
"Sam Howard","Rockies","25","16265"
"John Means","Orioles","25","16269"
"Austen Williams","Nationals","25","16309"
"Alex McRae","Pirates","25","16317"
"Eduardo Paredes","Angels","23","16344"
"Gabriel Moya","Twins","23","16348"
"Ryan Borucki","Blue Jays","24","16350"
"Brad Wieck","Padres","26","16390"
"Reynaldo Lopez","White Sox","24","16400"
"Yonny Chirinos","Rays","24","16401"
"Chih-Wei Hu","Rays","24","16419"
"James Norwood","Cubs","24","16440"
"Trevor Oaks","Royals","25","16468"
"Ryan Yarbrough","Rays","26","16502"
"Dan Altavilla","Mariners","25","16507"
"Jordan Montgomery","Yankees","25","16511"
"Nick Gardewine","Rangers","24","16513"
"Harrison Musgrave","Rockies","26","16532"
"Jonathan Holder","Yankees","25","16588"
"Zac Curtis","- - -","25","16684"
"Dean Deetz","Astros","24","16687"
"Brock Stewart","Dodgers","26","16727"
"Artie Lewicki","Tigers","26","16731"
"Kyle McGrath","Padres","25","16793"
"Joshua James","Astros","25","16794"
"Tim Hill","Royals","28","16814"
"Eric Stout","Royals","25","16873"
"Aaron Wilkerson","Brewers","29","16904"
"Elieser Hernandez","Marlins","23","16933"
"Luis Ortiz","Orioles","22","16942"
"Jake Jewell","Angels","25","16958"
"Tyler Beede","Giants","25","16981"
"Trevor Hildenberger","Twins","27","17002"
"Ariel Jurado","Rangers","22","17030"
"Sean Reid-Foley","Blue Jays","22","17034"
"Austin Davis","Phillies","25","17117"
"Jerry Vasto","- - -","26","17126"
"Raisel Iglesias","Reds","28","17130"
"Osmer Morales","Angels","25","17133"
"Jose Castillo","Padres","22","17169"
"Yoan Lopez","Diamondbacks","25","17181"
"Jalen Beeks","- - -","24","17192"
"Austin Brice","Reds","26","17237"
"Thomas Pannone","Blue Jays","24","17281"
"Michael Kopech","White Sox","22","17282"
"Justus Sheffield","Yankees","22","17285"
"Framber Valdez","Astros","24","17295"
"Edgar Santana","Pirates","26","17355"
"David Paulino","Blue Jays","24","17418"
"Jeff Hoffman","Rockies","25","17432"
"Diego Castillo","Rays","24","17496"
"Ariel Miranda","Mariners","29","17526"
"Ryan Burr","White Sox","24","17536"
"Tanner Scott","Orioles","23","17586"
"Tanner Rainey","Reds","25","17610"
"Cody Carroll","Orioles","25","17664"
"Jeffrey Springs","Rangers","25","17677"
"Koda Glover","Nationals","25","17695"
"Pedro Araujo","Orioles","24","17697"
"Evan Phillips","- - -","23","17734"
"Sandy Baez","Tigers","24","17754"
"Drew Smith","Mets","24","17755"
"Jacob Nix","Padres","22","17775"
"Jose Alvarado","Rays","23","17780"
"Trey Wingenter","Padres","24","17793"
"Daniel Zamora","Mets","25","17811"
"Nestor Cortes","Orioles","23","17874"
"Brett Kennedy","Padres","23","17877"
"Bobby Poyner","Red Sox","25","17987"
"Tanner Anderson","Pirates","25","18029"
"Phil Maton","Padres","25","18064"
"Matt Hall","Tigers","24","18076"
"Ryan Meisinger","Orioles","24","18105"
"Ben Taylor","Indians","25","18114"
"Chance Adams","Yankees","23","18135"
"Tyler Kinley","- - -","27","18297"
"Carson Fulmer","White Sox","24","18311"
"Eric Hanhold","Mets","24","18332"
"Jaime Barria","Angels","21","18356"
"Enyel De Los Santos","Phillies","22","18403"
"Josh Rogers","Orioles","23","18510"
"A.J. Minter","Braves","24","18655"
"Seunghwan Oh","- - -","35","18719"
"Drew Steckenrider","Marlins","27","18806"
"Miguel Diaz","Padres","23","18815"
"Chris Rowley","Blue Jays","27","18820"
"Ben Meyer","Marlins","25","18854"
"Dakota Hudson","Cardinals","23","19206"
"Gerson Bautista","Mets","23","19256"
"Ian Hamilton","White Sox","23","19261"
"Jesus Reyes","Reds","25","19277"
"Matthew Festa","Mariners","25","19330"
"Hector Velazquez","Red Sox","29","19341"
"Corbin Burnes","Brewers","23","19361"
"Andrew Vasquez","Twins","24","19482"
"Adam McCreery","Braves","25","19550"
"Cionel Perez","Astros","22","19614"
"Jordan Hicks","Cardinals","21","19618"
"Kyle Wright","Braves","22","19665"
"Jonathan Loaisiga","Yankees","23","19753"
"Yoshihisa Hirano","Diamondbacks","34","19756"
"Kazuhisa Makita","Padres","33","19757"
"C.D. Pelham","Rangers","23","19820"
"Bryse Wilson","Braves","20","19990"
