"Name","Team","W","L","ERA","G","GS","CG","ShO","SV","HLD","BS","IP","TBF","H","R","ER","HR","BB","IBB","HBP","WP","BK","SO","playerid"
"Todd Frazier","NYM","0","0","0.00","1","0","0","0","0","0","0","1.0","3","0","0","0","0","0","0","0","0","0","1","785"
"Corey Kluber","TEX","0","0","0.00","1","1","0","0","0","0","0","1.0","3","0","0","0","0","1","0","0","0","0","1","2429"
"Charlie Culberson","ATL","0","0","0.00","1","0","0","0","0","0","0","0.1","1","0","0","0","0","0","0","0","0","0","0","3298"
"Pat Venditte","MIA","0","0","0.00","3","0","0","0","0","0","0","4.1","15","1","0","0","0","0","0","2","0","0","5","7108"
"Neil Walker","PHI","0","0","0.00","1","0","0","0","0","0","0","0.2","3","0","0","0","0","1","0","0","0","0","0","7539"
"Cory Gearrin","MIN","0","0","0.00","1","0","0","0","0","0","0","2.0","7","0","0","0","0","2","0","0","0","0","1","7947"
"John Ryan Murphy","PIT","0","0","0.00","1","0","0","0","0","0","0","1.0","3","0","0","0","0","0","0","0","0","0","0","10346"
"Jedd Gyorko","MIL","0","0","0.00","1","0","0","0","0","0","0","1.0","4","1","0","0","0","0","0","0","0","0","0","10816"
"Bryan Holaday","BAL","0","0","0.00","1","0","0","0","0","0","0","0.1","3","2","0","0","0","0","0","0","1","0","0","11287"
"Tommy Kahnle","NYY","0","0","0.00","1","0","0","0","0","1","0","1.0","6","1","0","0","0","1","1","0","0","0","3","11384"
"Jesse Biddle","CIN","0","0","0.00","1","0","0","0","0","0","0","0.2","4","1","0","0","0","1","0","0","0","0","1","11437"
"Ryan Sherriff","TBR","1","0","0.00","10","0","0","0","1","1","0","9.2","34","6","0","0","0","2","0","0","0","0","2","12249"
"Danny Coulombe","MIN","0","0","0.00","2","0","0","0","0","0","0","2.2","13","2","0","0","0","3","0","0","0","0","3","13293"
"Mike Morin","MIA","1","0","0.00","3","0","0","0","0","0","0","4.0","12","1","0","0","0","1","0","0","0","0","2","13442"
"Carson Kelly","ARI","0","0","0.00","1","0","0","0","0","0","0","1.0","4","1","0","0","0","0","0","0","0","0","0","13620"
"Clay Holmes","PIT","0","0","0.00","1","0","0","0","0","0","0","1.1","6","2","0","0","0","0","0","0","0","0","1","13649"
"Sal Romano","CIN","1","0","0.00","2","0","0","0","0","0","0","1.1","4","0","0","0","0","0","0","0","0","0","0","13690"
"Kevin Plawecki","BOS","0","0","0.00","1","0","0","0","0","0","0","0.2","3","0","0","0","0","1","0","0","0","0","0","13807"
"Anthony Bemboom","LAA","0","0","0.00","1","0","0","0","0","0","0","1.0","4","0","0","0","0","1","0","0","0","0","0","13854"
"Tyler Heineman","SFG","0","0","0.00","1","0","0","0","0","0","0","1.0","3","1","0","0","0","0","0","0","0","0","0","13897"
"Matt Dermody","CHC","0","0","0.00","1","0","0","0","0","0","0","1.0","3","0","0","0","0","0","0","0","0","0","1","14844"
"Alex McRae","CHW","0","0","0.00","2","0","0","0","0","0","0","3.0","10","1","0","0","0","0","0","0","0","0","2","16317"
"Foster Griffin","KCR","1","0","0.00","1","0","0","0","0","0","0","1.2","6","0","0","0","0","0","0","0","0","0","1","16432"
"Luis Guillorme","NYM","0","0","0.00","1","0","0","0","0","0","0","1.0","3","0","0","0","0","0","0","0","0","0","0","16451"
"Joe Harvey","COL","0","0","0.00","4","0","0","0","0","0","0","3.1","14","3","0","0","0","0","0","1","0","0","2","16459"
"Max Schrock","STL","0","0","0.00","1","0","0","0","0","0","0","1.0","3","0","0","0","0","0","0","0","0","0","0","17750"
"Jose Rodriguez","LAA","0","0","0.00","1","0","0","0","0","0","0","1.2","8","2","0","0","0","1","0","0","0","0","0","17860"
"Ryan Meisinger","STL","0","0","0.00","2","0","0","0","0","0","0","2.2","13","1","0","0","0","4","0","1","0","0","3","18105"
"Mitch White","LAD","1","0","0.00","2","0","0","0","0","0","0","3.0","11","1","0","0","0","1","0","0","0","0","2","19225"
"Jacob Webb","ATL","0","0","0.00","8","0","0","0","0","0","0","10.0","40","7","2","0","0","5","1","0","0","0","10","19274"
"Jimmy Lambert","CHW","0","0","0.00","2","0","0","0","0","0","0","2.0","8","2","0","0","0","0","0","0","0","0","2","19541"
"Mike Brosseau","TBR","0","0","0.00","1","0","0","0","0","0","0","0.1","1","0","0","0","0","0","0","0","0","0","1","19683"
"Jeremy Beasley","ARI","0","0","0.00","1","0","0","0","0","0","0","0.1","3","2","0","0","0","0","0","0","0","0","1","20205"
"Jordan Holloway","MIA","0","0","0.00","1","0","0","0","0","0","0","0.1","4","2","0","0","0","1","0","0","0","0","0","20631"
"Garrett Crochet","CHW","0","0","0.00","5","0","0","0","0","0","0","6.0","22","3","0","0","0","0","0","1","0","0","8","27463"
"Devin Williams","MIL","4","1","0.33","22","0","0","0","0","9","0","27.0","100","8","4","1","1","9","0","1","3","0","53","15816"
"Jake Diekman","OAK","2","0","0.42","21","0","0","0","0","13","1","21.1","84","8","2","1","1","12","1","1","0","0","31","5003"
"Jarlin Garcia","SFG","2","1","0.49","19","0","0","0","0","6","0","18.1","73","11","6","1","0","7","1","2","0","1","14","18282"
"Jesse Hahn","KCR","1","0","0.52","18","0","0","0","3","5","0","17.1","65","4","1","1","0","8","0","1","2","0","19","13287"
"Tanner Houck","BOS","3","0","0.53","3","3","0","0","0","0","0","17.0","63","6","2","1","1","9","0","1","1","0","21","19879"
"Nick Anderson","TBR","2","1","0.55","19","0","0","0","6","6","0","16.1","58","5","2","1","1","3","0","0","0","0","26","18337"
"Yimi Garcia","MIA","3","0","0.60","14","0","0","0","1","4","1","15.0","60","9","1","1","0","5","0","0","0","1","19","12095"
"Erasmo Ramirez","NYM","0","0","0.63","6","0","0","0","1","0","0","14.1","53","8","1","1","1","4","0","0","0","0","9","10314"
"Alex Colome","CHW","2","0","0.81","21","0","0","0","12","0","1","22.1","90","13","3","2","0","8","0","1","0","0","16","6661"
"A.J. Minter","ATL","1","1","0.83","22","0","0","0","0","5","0","21.2","85","15","3","2","1","9","2","0","1","0","24","18655"
"Adam Kolarek","LAD","3","0","0.95","20","0","0","0","1","3","0","19.0","72","11","2","2","1","4","0","0","2","0","13","10843"
"Aaron Bummer","CHW","1","0","0.96","9","0","0","0","0","3","0","9.1","38","5","1","1","0","5","0","0","0","0","14","16258"
"Chris Martin","ATL","1","1","1.00","19","0","0","0","1","6","0","18.0","66","8","3","2","1","3","1","1","0","0","20","11847"
"Jesus Tinoco","- - -","0","0","1.04","6","0","0","0","0","0","0","8.2","32","3","1","1","0","7","0","0","2","0","6","16300"
"Matt Wisler","MIN","0","1","1.07","18","4","0","0","1","3","1","25.1","107","15","3","3","2","14","0","2","1","1","35","12804"
"Darren O'Day","ATL","4","0","1.10","19","0","0","0","0","2","1","16.1","67","8","3","2","1","5","0","3","0","0","22","3321"
"Nick Tropeano","PIT","1","0","1.15","7","0","0","0","0","0","0","15.2","66","14","2","2","1","4","0","1","1","0","19","12385"
"Taylor Guilbeau","SEA","0","0","1.17","8","0","0","0","0","1","0","7.2","36","8","1","1","0","6","0","0","1","0","3","18306"
"Jordan Romano","TOR","2","1","1.23","15","0","0","0","2","5","1","14.2","57","8","3","2","2","5","0","0","0","0","21","16122"
"Ben Braymer","WSN","1","0","1.23","3","1","0","0","0","0","0","7.1","34","7","1","1","0","5","0","0","0","0","8","20175"
"James Hoyt","MIA","2","0","1.23","24","0","0","0","0","5","0","14.2","62","9","2","2","1","8","1","1","2","1","20","14605"
"Cesar Valdez","BAL","1","1","1.26","9","0","0","0","3","0","0","14.1","53","7","3","2","0","3","0","0","1","0","12","9013"
"Miguel Yajure","NYY","0","0","1.29","3","0","0","0","0","0","0","7.0","29","3","1","1","1","5","0","1","1","0","8","21111"
"Tanner Scott","BAL","0","0","1.31","25","0","0","0","1","5","1","20.2","86","12","5","3","1","10","0","3","4","0","23","17586"
"Victor Gonzalez","LAD","3","0","1.33","15","1","0","0","0","2","0","20.1","80","13","3","3","0","2","0","3","2","0","23","16408"
"Sean Reid-Foley","TOR","1","0","1.35","5","0","0","0","0","0","0","6.2","30","3","3","1","0","6","1","0","0","0","6","17034"
"Jose Alvarez","PHI","0","0","1.42","8","0","0","0","0","1","0","6.1","27","7","1","1","0","3","0","0","0","0","6","5358"
"Drew Pomeranz","SDP","1","0","1.45","20","0","0","0","4","9","1","18.2","73","9","3","3","1","10","0","0","0","0","29","11426"
"Riley Smith","ARI","2","0","1.47","6","0","0","0","0","0","0","18.1","70","15","3","3","1","5","0","0","0","0","18","19826"
"Patrick Murphy","TOR","0","0","1.50","4","0","0","0","0","0","0","6.0","25","6","1","1","0","2","0","0","0","0","5","19712"
"Rafael Dolis","TOR","2","2","1.50","24","0","0","0","5","7","1","24.0","100","16","9","4","1","14","0","1","3","0","31","4185"
"Codi Heuer","CHW","3","0","1.52","21","0","0","0","1","5","0","23.2","92","12","4","4","1","9","0","0","0","0","25","23293"
"Jeremy Jeffress","CHC","4","1","1.54","22","0","0","0","8","3","2","23.1","88","10","5","4","1","12","1","2","0","0","17","9490"
"Eric Yardley","MIL","2","0","1.54","24","0","0","0","0","1","2","23.1","97","19","6","4","2","10","0","1","0","0","19","15538"
"Kyle Zimmer","KCR","1","0","1.57","16","1","0","0","0","0","0","23.0","91","14","4","4","0","10","0","1","2","0","26","14169"
"Kyle Crick","PIT","0","1","1.59","7","0","0","0","0","0","1","5.2","29","7","6","1","0","4","0","0","0","0","7","13182"
"T.J. Zeuch","TOR","1","0","1.59","3","1","0","0","0","0","0","11.1","47","9","2","2","1","4","0","0","0","0","3","19269"
"Kyle Cody","TEX","1","1","1.59","8","5","0","0","0","0","0","22.2","92","15","5","4","1","13","0","0","3","0","18","19686"
"Kwang-hyun Kim","STL","3","0","1.62","8","7","0","0","1","0","0","39.0","154","28","9","7","3","12","2","0","1","0","24","27458"
"Shane Bieber","CLE","8","1","1.63","12","12","0","0","0","0","0","77.1","297","46","15","14","7","21","0","1","5","0","122","19427"
"Diego Castillo","TBR","3","0","1.66","22","0","0","0","4","5","1","21.2","89","12","4","4","3","11","0","1","0","0","23","17496"
"Bryan Garcia","DET","2","1","1.66","26","0","0","0","4","3","2","21.2","93","18","6","4","0","10","0","1","1","0","12","19457"
"Yusmeiro Petit","OAK","2","1","1.66","26","0","0","0","0","7","0","21.2","88","19","4","4","3","5","0","0","0","0","17","4020"
"Trevor Bauer","CIN","5","4","1.73","11","11","2","2","0","0","0","73.0","278","41","17","14","9","17","1","3","3","0","100","12703"
"Edwin Diaz","NYM","2","1","1.75","26","0","0","0","6","2","3","25.2","110","18","6","5","2","14","0","2","1","0","50","14710"
"Liam Hendriks","OAK","3","1","1.78","24","0","0","0","14","0","1","25.1","92","14","6","5","1","3","1","0","0","0","37","3548"
"Shawn Armstrong","BAL","2","0","1.80","14","0","0","0","0","3","0","15.0","57","9","6","3","1","3","0","1","2","0","14","12857"
"Branden Kline","BAL","0","0","1.80","3","0","0","0","0","0","0","5.0","20","2","1","1","0","3","0","0","0","0","7","14101"
"Joe Kelly","LAD","0","0","1.80","12","1","0","0","0","3","0","10.0","42","8","3","2","0","7","0","0","3","0","9","9761"
"Keury Mella","ARI","2","0","1.80","11","0","0","0","0","0","0","10.0","42","10","3","2","1","3","1","0","1","0","10","15964"
"John Curtiss","TBR","3","0","1.80","17","3","0","0","2","0","0","25.0","99","21","7","5","3","3","0","2","0","0","25","16128"
"J.B. Wendelken","OAK","1","1","1.80","21","0","0","0","0","2","0","25.0","106","17","8","5","2","11","0","0","2","0","31","14506"
"Sam Freeman","WSN","0","0","1.80","7","0","0","0","0","1","0","5.0","25","2","1","1","0","7","1","0","0","0","6","6832"
"Brett Martin","TEX","1","1","1.84","15","0","0","0","0","2","0","14.2","61","8","5","3","2","9","0","0","1","0","8","17369"
"Austin Gomber","STL","1","1","1.86","14","4","0","0","0","1","0","29.0","119","19","6","6","1","15","0","2","1","0","27","16561"
"Tyler Duffey","MIN","1","1","1.88","22","0","0","0","0","12","2","24.0","92","13","6","5","2","6","0","1","0","0","31","13758"
"Zack Britton","NYY","1","2","1.89","20","0","0","0","8","3","0","19.0","76","12","6","4","0","7","0","0","4","0","16","3240"
"Trevor Rosenthal","- - -","1","0","1.90","23","0","0","0","11","1","1","23.2","91","12","6","5","2","8","0","1","0","1","38","10745"
"Andre Scrubb","HOU","1","0","1.90","20","0","0","0","1","2","0","23.2","102","15","5","5","1","20","1","0","1","0","24","20329"
"Greg Holland","KCR","3","0","1.91","28","0","0","0","6","2","0","28.1","112","20","8","6","1","7","1","3","1","0","31","7196"
"Kodi Whitley","STL","0","0","1.93","4","0","0","0","0","0","0","4.2","17","2","1","1","1","1","0","0","0","0","5","19731"
"Carl Edwards Jr.","SEA","0","0","1.93","5","0","0","0","1","1","0","4.2","17","2","1","1","0","1","0","0","1","0","6","13607"
"Rob Kaminsky","STL","0","0","1.93","5","0","0","0","0","0","0","4.2","21","3","3","1","0","2","0","0","0","0","3","15792"
"Ian Anderson","ATL","3","2","1.95","6","6","0","0","0","0","0","32.1","138","21","11","7","1","14","0","2","4","0","41","19951"
"Dallas Keuchel","CHW","6","2","1.99","11","11","0","0","0","0","0","63.1","257","52","15","14","2","17","0","0","0","0","42","9434"
"Brandon Leibrandt","MIA","0","0","2.00","5","0","0","0","0","0","0","9.0","36","3","2","2","0","7","1","0","0","0","3","16135"
"Oliver Perez","CLE","1","1","2.00","21","0","0","0","1","3","1","18.0","72","13","5","4","0","6","3","3","0","0","14","1514"
"Yu Darvish","CHC","8","3","2.01","12","12","0","0","0","0","0","76.0","297","59","18","17","5","14","1","2","3","0","93","13074"
"Brad Hand","CLE","2","1","2.05","23","0","0","0","16","1","0","22.0","86","13","8","5","0","4","0","2","1","0","29","9111"
"Domingo Tapia","BOS","0","0","2.08","5","0","0","0","0","0","0","4.1","19","4","1","1","1","2","0","0","0","0","4","12178"
"Roberto Osuna","HOU","0","0","2.08","4","0","0","0","1","1","0","4.1","16","3","1","1","0","0","0","0","0","0","3","13764"
"Tyler Webb","STL","1","1","2.08","21","0","0","0","1","2","2","21.2","87","17","5","5","2","7","0","0","1","0","19","14974"
"Josh Sborz","LAD","0","0","2.08","4","0","0","0","0","0","0","4.1","16","2","1","1","1","1","0","0","0","0","2","18323"
"Dinelson Lamet","SDP","3","1","2.09","12","12","0","0","0","0","0","69.0","267","39","18","16","5","20","0","4","1","0","93","17186"
"Mike Mayers","LAA","2","0","2.10","29","0","0","0","2","5","2","30.0","121","18","10","7","2","9","0","1","0","0","43","15451"
"Corbin Burnes","MIL","4","1","2.11","12","9","0","0","0","0","0","59.2","240","37","15","14","2","24","0","3","5","0","88","19361"
"Joely Rodriguez","TEX","0","0","2.13","12","0","0","0","0","3","1","12.2","52","8","3","3","0","5","0","0","1","0","17","11487"
"Clayton Kershaw","LAD","6","2","2.16","10","10","0","0","0","0","0","58.1","221","41","18","14","8","8","0","1","0","0","62","2036"
"Darwinzon Hernandez","BOS","1","0","2.16","7","0","0","0","0","2","0","8.1","40","5","2","2","0","8","0","1","0","0","13","19848"
"Richard Bleier","- - -","1","1","2.16","21","0","0","0","0","6","0","16.2","67","14","6","4","0","4","1","1","2","0","11","7803"
"Blake Taylor","HOU","2","1","2.18","22","0","0","0","1","5","1","20.2","87","13","7","5","2","12","1","0","1","1","17","16418"
"Matt Foster","CHW","6","1","2.20","23","2","0","0","0","2","1","28.2","109","16","8","7","2","9","0","0","0","0","31","19647"
"Brandon Kintzler","MIA","2","3","2.22","24","0","0","0","12","1","2","24.1","101","21","7","6","3","11","3","0","0","0","14","9939"
"Burch Smith","OAK","2","0","2.25","6","0","0","0","1","0","0","12.0","44","7","3","3","1","1","0","0","0","0","13","12784"
"Max Fried","ATL","7","0","2.25","11","11","0","0","0","0","0","56.0","224","42","14","14","2","19","0","4","1","1","50","13743"
"Jose Ruiz","CHW","0","0","2.25","5","0","0","0","0","0","1","4.0","14","2","1","1","1","0","0","0","0","0","5","14552"
"Demarcus Evans","TEX","0","0","2.25","4","0","0","0","0","0","0","4.0","14","3","1","1","1","0","0","1","0","0","4","21087"
"Cal Quantrill","- - -","2","0","2.25","18","3","0","0","1","2","1","32.0","135","31","12","8","4","8","1","3","0","0","31","19312"
"Andrew Kittredge","TBR","0","0","2.25","8","1","0","0","1","1","0","8.0","31","8","2","2","0","2","0","0","0","0","3","12828"
"Caleb Thielbar","MIN","2","1","2.25","17","0","0","0","0","1","0","20.0","82","14","6","5","0","9","0","0","2","0","22","10078"
"Zach Plesac","CLE","4","2","2.28","8","8","0","0","0","0","0","55.1","206","38","14","14","8","6","0","1","0","0","57","19979"
"Chris Bassitt","OAK","5","2","2.29","11","11","0","0","0","0","0","63.0","261","56","18","16","6","17","0","2","2","0","55","12304"
"Grant Dayton","ATL","2","1","2.30","18","0","0","0","0","0","0","27.1","117","22","9","7","4","11","1","1","0","0","32","11203"
"Tony Gonsolin","LAD","2","2","2.31","9","8","0","0","0","0","0","46.2","176","32","13","12","2","7","0","1","3","0","46","19388"
"Justin Topa","MIL","0","1","2.35","6","0","0","0","0","0","0","7.2","30","7","3","2","1","0","0","0","0","0","12","15145"
"Yonny Chirinos","TBR","0","0","2.38","3","3","0","0","0","0","0","11.1","52","14","4","3","2","4","0","2","0","0","10","16401"
"Jacob deGrom","NYM","4","2","2.38","12","12","0","0","0","0","0","68.0","268","47","21","18","7","18","0","0","4","0","104","10954"
"Conner Menez","SFG","1","0","2.38","7","0","0","0","0","0","0","11.1","45","6","4","3","2","5","0","1","0","0","8","19199"
"Evan Marshall","CHW","2","1","2.38","23","0","0","0","0","8","2","22.2","93","17","6","6","1","7","0","0","2","0","30","12297"
"John Gant","STL","0","3","2.40","17","0","0","0","0","5","0","15.0","61","9","6","4","0","7","0","0","1","0","18","13684"
"Genesis Cabrera","STL","4","1","2.42","19","0","0","0","1","2","0","22.1","96","10","9","6","3","16","0","4","3","0","32","17490"
"Stefan Crichton","ARI","2","2","2.42","26","0","0","0","5","2","2","26.0","109","22","7","7","1","9","4","4","2","0","23","16058"
"Brandon Bailey","HOU","0","0","2.45","5","0","0","0","0","0","0","7.1","30","6","2","2","1","3","0","1","1","0","4","19582"
"Josh Staumont","KCR","2","1","2.45","26","0","0","0","0","8","0","25.2","112","20","8","7","2","16","0","3","1","0","37","18335"
"Lucas Sims","CIN","3","0","2.45","20","0","0","0","0","5","2","25.2","103","13","10","7","3","11","0","3","0","0","34","13470"
"Cam Bedrosian","LAA","0","0","2.45","11","0","0","0","0","0","0","14.2","58","10","4","4","0","6","0","0","1","0","11","13360"
"Amir Garrett","CIN","1","0","2.45","21","0","0","0","1","6","1","18.1","69","10","5","5","4","7","0","0","0","0","26","14375"
"Paul Fry","BAL","1","0","2.45","22","0","0","0","0","4","0","22.0","98","22","7","6","3","9","0","1","3","0","29","15832"
"Brad Keller","KCR","5","3","2.47","9","9","1","1","0","0","0","54.2","215","39","16","15","2","17","0","2","1","0","35","15734"
"Tony Watson","SFG","1","0","2.50","21","0","0","0","2","10","0","18.0","73","13","8","5","3","3","0","1","0","0","15","3132"
"Aaron Loup","TBR","3","2","2.52","24","0","0","0","0","4","1","25.0","96","17","9","7","3","4","0","3","0","0","22","10343"
"Caleb Smith","- - -","0","0","2.57","5","4","0","0","0","0","0","14.0","60","6","4","4","3","12","0","0","0","0","15","14875"
"Dustin May","LAD","3","1","2.57","12","10","0","0","0","0","0","56.0","224","45","18","16","9","16","0","1","2","0","44","19716"
"Merrill Kelly","ARI","3","2","2.59","5","5","0","0","0","0","0","31.1","125","26","9","9","5","5","1","1","0","0","29","11156"
"Dylan Floro","LAD","3","0","2.59","25","0","0","0","0","4","0","24.1","98","23","7","7","1","4","1","0","1","0","19","13394"
"Shane Greene","ATL","1","0","2.60","28","0","0","0","0","9","0","27.2","109","22","9","8","2","9","1","2","0","0","21","10756"
"Yohan Ramirez","SEA","0","0","2.61","16","0","0","0","3","1","0","20.2","94","9","6","6","3","20","1","4","2","0","26","19444"
"Matt Strahm","SDP","0","1","2.61","19","0","0","0","0","3","2","20.2","83","14","6","6","3","4","0","5","1","0","15","13799"
"Jorge Alcala","MIN","2","1","2.63","16","0","0","0","0","0","1","24.0","94","21","8","7","3","8","0","0","1","0","27","19459"
"Jake McGee","LAD","3","1","2.66","24","0","0","0","0","4","0","20.1","79","14","6","6","2","3","0","0","0","0","33","7550"
"Tanner Rainey","WSN","1","1","2.66","20","0","0","0","0","9","0","20.1","75","8","6","6","4","7","1","1","3","1","32","17610"
"James Karinchak","CLE","1","2","2.67","27","0","0","0","1","8","3","27.0","109","14","9","8","1","16","1","0","5","0","53","20151"
"Hyun-Jin Ryu","TOR","5","2","2.69","12","12","0","0","0","0","0","67.0","275","60","22","20","6","17","0","1","1","0","72","14444"
"Bryan Abreu","HOU","0","0","2.70","4","0","0","0","0","0","0","3.1","20","1","2","1","0","7","0","2","0","0","3","16609"
"Taijuan Walker","- - -","4","3","2.70","11","11","0","0","0","0","0","53.1","225","43","23","16","8","19","0","4","1","0","50","11836"
"Kenta Maeda","MIN","6","1","2.70","11","11","0","0","0","0","0","66.2","248","40","20","20","9","10","0","0","0","0","80","18498"
"Richard Rodriguez","PIT","3","2","2.70","24","0","0","0","4","2","1","23.1","93","15","8","7","3","5","0","2","3","0","34","13549"
"Pete Fairbanks","TBR","6","3","2.70","27","2","0","0","0","7","2","26.2","117","23","9","8","2","14","0","2","6","0","39","17998"
"Pierce Johnson","SDP","3","1","2.70","24","0","0","0","0","1","0","20.0","80","15","7","6","2","9","0","0","1","1","27","13435"
"Ryan Borucki","TOR","1","1","2.70","21","0","0","0","0","3","1","16.2","73","12","5","5","1","12","1","0","0","0","21","16350"
"Brandon Waddell","PIT","0","0","2.70","2","0","0","0","0","0","0","3.1","14","2","1","1","0","2","0","0","0","0","2","18347"
"Zach Davies","SDP","7","4","2.73","12","12","0","0","0","0","0","69.1","276","55","26","21","9","19","0","0","2","0","63","13183"
"Jose Urquidy","HOU","1","1","2.73","5","5","0","0","0","0","0","29.2","116","22","9","9","4","8","0","1","0","0","17","18413"
"Thomas Hatch","TOR","3","1","2.73","17","1","0","0","0","3","0","26.1","109","18","11","8","2","13","0","2","0","0","23","19264"
"Raisel Iglesias","CIN","4","3","2.74","22","0","0","0","8","2","2","23.0","91","16","11","7","1","5","1","1","0","1","31","17130"
"Zac Gallen","ARI","3","2","2.75","12","12","0","0","0","0","0","72.0","291","55","24","22","9","25","0","2","4","0","82","19291"
"Dakota Hudson","STL","3","2","2.77","8","8","0","0","0","0","0","39.0","151","24","13","12","5","15","1","1","0","0","31","19206"
"Tyler Clippard","MIN","2","1","2.77","26","2","0","0","0","7","2","26.0","98","19","9","8","2","4","0","0","2","0","26","5640"
"Andrew Miller","STL","1","1","2.77","16","0","0","0","4","2","1","13.0","55","9","4","4","0","5","0","3","2","0","16","6785"
"Mark Melancon","ATL","2","1","2.78","23","0","0","0","11","0","2","22.2","95","22","8","7","1","7","3","2","1","0","14","4264"
"Josh Fleming","TBR","5","0","2.78","7","5","0","0","0","0","0","32.1","130","28","10","10","5","7","0","1","0","0","25","20418"
"Tyler Matzek","ATL","4","3","2.79","21","0","0","0","0","1","2","29.0","121","23","9","9","1","10","0","2","1","0","43","10058"
"Tejay Antone","CIN","0","3","2.80","13","4","0","0","0","1","1","35.1","141","20","11","11","4","16","0","2","2","0","45","16233"
"Travis Lakins Sr.","BAL","3","2","2.81","22","0","0","0","1","1","0","25.2","116","25","11","8","2","13","0","2","3","0","25","18600"
"Blake Parker","PHI","3","0","2.81","14","1","0","0","0","1","1","16.0","69","12","7","5","2","9","2","0","0","0","25","5224"
"Joakim Soria","OAK","2","2","2.82","22","0","0","0","2","4","1","22.1","96","18","8","7","1","10","3","0","0","0","24","6941"
"Gerrit Cole","NYY","7","3","2.84","12","12","2","1","0","0","0","73.0","288","53","27","23","14","17","0","2","2","0","94","13125"
"Cionel Perez","HOU","0","0","2.84","7","0","0","0","0","2","0","6.1","32","7","2","2","0","6","1","0","0","0","8","19614"
"Kyle Hendricks","CHC","6","5","2.88","12","12","1","1","0","0","0","81.1","315","73","26","26","10","8","1","1","1","0","64","12049"
"Chaz Roe","TBR","2","0","2.89","10","0","0","0","1","2","0","9.1","39","10","4","3","0","3","0","1","0","0","9","9866"
"Caleb Ferguson","LAD","2","1","2.89","21","1","0","0","0","5","2","18.2","75","16","7","6","4","3","0","0","0","0","27","19349"
"Jonathan Hernandez","TEX","5","1","2.90","27","0","0","0","0","5","0","31.0","125","24","10","10","2","8","0","4","0","0","31","17464"
"Mitch Keller","PIT","1","1","2.91","5","5","0","0","0","0","0","21.2","87","9","7","7","4","18","0","1","2","0","16","17594"
"Carlos Carrasco","CLE","3","4","2.91","12","12","0","0","0","0","0","68.0","280","55","22","22","8","27","0","2","6","0","82","6632"
"Zack Wheeler","PHI","4","2","2.92","11","11","0","0","0","0","0","71.0","288","67","26","23","3","16","2","7","0","0","53","10310"
"Kyle Finnegan","WSN","1","0","2.92","25","0","0","0","0","4","1","24.2","107","21","10","8","2","13","4","1","2","0","27","15009"
"Scott Alexander","LAD","2","0","2.92","13","0","0","0","0","3","2","12.1","52","9","6","4","2","9","1","0","0","0","9","10591"
"Luis Garcia","HOU","0","1","2.92","5","1","0","0","0","0","0","12.1","49","7","4","4","1","5","0","1","1","0","9","23735"
"Yency Almonte","COL","3","0","2.93","24","0","0","0","1","4","2","27.2","113","25","13","9","2","6","0","3","0","0","23","15068"
"Archie Bradley","- - -","2","0","2.95","16","0","0","0","6","2","1","18.1","73","17","6","6","1","3","0","1","0","0","18","12918"
"Dan Winkler","CHC","0","0","2.95","18","0","0","0","0","1","1","18.1","76","11","7","6","3","11","0","1","0","1","18","12237"
"Adbert Alzolay","CHC","1","1","2.95","6","4","0","0","0","0","0","21.1","87","12","8","7","1","13","0","1","1","0","29","17859"
"Justin Verlander","HOU","1","0","3.00","1","1","0","0","0","0","0","6.0","21","3","2","2","2","1","0","0","0","0","7","8700"
"Ray Black","MIL","0","0","3.00","3","0","0","0","0","0","0","3.0","14","2","1","1","0","3","0","0","0","0","3","14244"
"Joel Payamps","ARI","0","0","3.00","2","0","0","0","0","0","0","3.0","13","2","2","1","0","3","0","0","0","0","2","14332"
"Sandy Alcantara","MIA","3","2","3.00","7","7","0","0","0","0","0","42.0","172","35","22","14","4","15","0","1","1","1","39","18684"
"Ben Heller","NYY","0","0","3.00","6","0","0","0","0","0","0","6.0","27","5","2","2","2","2","0","2","0","0","6","15100"
"Brad Boxberger","MIA","1","0","3.00","23","0","0","0","0","5","1","18.0","79","17","7","6","3","8","0","1","0","0","18","10133"
"Noe Ramirez","LAA","1","0","3.00","21","0","0","0","0","0","1","21.0","85","15","7","7","2","9","2","1","1","0","14","12800"
"Cody Stashak","MIN","1","0","3.00","11","0","0","0","0","5","0","15.0","57","11","5","5","2","3","0","0","1","0","17","18088"
"Mike Clevinger","- - -","3","2","3.02","8","8","1","1","0","0","0","41.2","162","34","14","14","6","14","0","0","2","0","40","12808"
"Rich Hill","MIN","2","2","3.03","8","8","0","0","0","0","0","38.2","156","28","13","13","3","17","0","1","1","0","31","4806"
"Daniel Castano","MIA","1","2","3.03","7","6","0","0","0","0","0","29.2","126","30","12","10","3","11","0","0","1","0","12","19805"
"Jose Cisnero","DET","3","3","3.03","29","0","0","0","0","6","2","29.2","123","23","10","10","1","10","0","3","0","0","34","6399"
"Junior Guerra","ARI","1","2","3.04","25","0","0","0","0","4","2","23.2","103","17","10","8","1","15","2","2","2","0","21","5702"
"Enoli Paredes","HOU","3","3","3.05","22","0","0","0","0","4","2","20.2","90","18","9","7","1","11","0","1","0","0","20","20447"
"Brandon Woodruff","MIL","3","5","3.05","13","13","1","0","0","0","0","73.2","293","55","26","25","9","18","0","4","1","0","91","16162"
"Will Harris","WSN","0","1","3.06","20","0","0","0","1","6","3","17.2","84","21","9","6","3","9","0","0","1","0","21","3192"
"A.J. Cole","TOR","3","0","3.09","24","0","0","0","1","2","3","23.1","95","19","9","8","3","9","2","0","3","0","20","11467"
"Aroldis Chapman","NYY","1","1","3.09","13","0","0","0","3","0","2","11.2","45","6","4","4","2","4","0","1","0","1","22","10233"
"Brusdar Graterol","LAD","1","2","3.09","23","2","0","0","0","5","1","23.1","88","18","9","8","1","3","0","3","0","0","13","20367"
"Marco Gonzales","SEA","7","2","3.10","11","11","1","0","0","0","0","69.2","277","59","27","24","8","7","0","4","0","0","64","15467"
"Rowan Wick","CHC","0","1","3.12","19","0","0","0","4","5","0","17.1","74","18","6","6","1","6","1","0","0","0","20","14646"
"Brent Suter","MIL","2","0","3.13","16","4","0","0","0","2","0","31.2","129","30","13","11","4","5","0","1","0","0","38","13942"
"Adam Wainwright","STL","5","3","3.15","10","10","2","0","0","0","0","65.2","262","54","25","23","9","15","0","2","0","0","54","2233"
"Elieser Hernandez","MIA","1","0","3.16","6","6","0","0","0","0","0","25.2","106","21","10","9","5","5","0","2","0","0","34","16933"
"Cody Ponce","PIT","1","1","3.18","5","3","0","0","0","0","0","17.0","66","12","7","6","5","6","0","0","0","0","12","17920"
"Pedro Baez","LAD","0","0","3.18","18","0","0","0","2","6","0","17.0","70","10","8","6","2","7","0","0","0","0","13","5420"
"Alex Reyes","STL","2","1","3.20","15","1","0","0","1","2","0","19.2","86","14","10","7","1","14","1","0","2","0","27","15015"
"Jimmy Herget","TEX","1","0","3.20","20","1","0","0","0","1","1","19.2","87","13","7","7","2","14","1","2","0","0","17","17556"
"Ross Detwiler","CHW","1","1","3.20","16","0","0","0","0","1","0","19.2","81","19","8","7","2","5","1","1","1","0","15","2859"
"Jordan Weems","OAK","0","0","3.21","9","0","0","0","0","0","0","14.0","58","10","5","5","1","7","0","0","2","0","18","13190"
"Luis Castillo","CIN","4","6","3.21","12","12","1","0","0","0","0","70.0","292","62","31","25","5","24","0","1","1","0","89","15689"
"Travis Bergen","- - -","1","0","3.24","8","0","0","0","1","0","0","8.1","36","5","3","3","1","9","0","0","0","0","11","18581"
"Blake Snell","TBR","4","2","3.24","11","11","0","0","0","0","0","50.0","203","42","19","18","10","18","0","0","7","0","63","13543"
"Trevor Cahill","SFG","1","2","3.24","11","6","0","0","0","1","0","25.0","106","16","10","9","3","14","0","2","1","0","31","6249"
"Triston McKenzie","CLE","2","1","3.24","8","6","0","0","0","0","0","33.1","127","21","12","12","6","9","0","1","0","0","42","18000"
"Nabil Crismatt","STL","0","0","3.24","6","0","0","0","0","0","0","8.1","31","6","3","3","2","1","1","0","0","0","8","17732"
"Dillon Tate","BAL","1","1","3.24","12","0","0","0","0","2","0","16.2","64","9","7","6","1","5","0","2","1","1","14","17796"
"Daniel Norris","DET","3","1","3.25","14","1","0","0","0","0","0","27.2","116","25","10","10","2","7","0","0","0","0","28","13475"
"Jalen Beeks","TBR","1","1","3.26","12","0","0","0","1","2","0","19.1","81","21","9","7","1","4","0","0","2","0","26","17192"
"Phillips Valdez","BOS","1","1","3.26","24","0","0","0","0","4","1","30.1","137","33","16","11","3","16","0","3","0","0","30","15605"
"Julio Urias","LAD","3","0","3.27","11","10","0","0","0","0","0","55.0","224","45","20","20","5","18","0","0","2","0","45","14765"
"Aaron Nola","PHI","5","5","3.28","12","12","2","1","0","0","0","71.1","289","54","31","26","9","23","2","2","1","0","96","16149"
"Dylan Bundy","LAA","6","3","3.29","11","11","1","0","0","0","0","65.2","267","51","27","24","5","17","1","4","2","0","72","12917"
"Jason Adam","CHC","2","1","3.29","13","0","0","0","0","0","0","13.2","58","9","7","5","2","8","0","0","0","0","21","11861"
"Wandy Peralta","SFG","1","1","3.29","25","0","0","0","0","1","1","27.1","114","22","13","10","3","11","0","2","0","1","25","14295"
"Lance Lynn","TEX","6","3","3.32","13","13","1","0","0","0","0","84.0","344","64","34","31","13","25","0","6","2","0","89","2520"
"Luis Cessa","NYY","0","0","3.32","16","0","0","0","1","1","0","21.2","93","20","10","8","2","7","0","0","1","1","17","13345"
"Kenley Jansen","LAD","3","1","3.33","27","0","0","0","11","0","2","24.1","102","19","11","9","2","9","0","3","0","0","33","3096"
"Logan Allen","CLE","0","0","3.37","3","0","0","0","0","0","0","10.2","49","12","4","4","1","7","0","1","1","0","7","18555"
"Michael Pineda","MIN","2","0","3.37","5","5","0","0","0","0","0","26.2","111","25","10","10","0","7","0","1","0","0","25","5372"
"Steven Brault","PIT","1","3","3.37","11","10","1","0","0","0","0","42.2","178","29","17","16","2","22","0","5","3","0","38","15291"
"Homer Bailey","MIN","1","0","3.38","2","2","0","0","0","0","0","8.0","33","6","3","3","1","3","0","1","0","0","7","8362"
"AJ Ramos","COL","0","0","3.38","3","0","0","0","0","0","0","2.2","15","4","1","1","1","3","0","0","0","0","1","8350"
"Drew Smyly","SFG","0","1","3.42","7","5","0","0","0","0","0","26.1","111","20","11","10","2","9","0","0","1","0","42","11760"
"Nick Wittgren","CLE","2","0","3.42","25","0","0","0","0","10","1","23.2","98","18","9","9","4","6","2","5","0","0","28","15594"
"Ryan Pressly","HOU","1","3","3.43","23","0","0","0","12","0","4","21.0","91","21","10","8","2","7","1","1","1","0","29","7005"
"Walker Buehler","LAD","1","0","3.44","8","8","0","0","0","0","0","36.2","147","24","18","14","7","11","0","1","4","0","42","19374"
"Antonio Senzatela","COL","5","3","3.44","12","12","1","0","0","0","0","73.1","303","71","29","28","9","18","0","4","0","0","41","15488"
"David Peterson","NYM","6","2","3.44","10","9","0","0","0","0","0","49.2","205","36","20","19","5","24","0","3","1","0","40","20302"
"Aaron Slegers","TBR","0","0","3.46","11","1","0","0","2","2","0","26.0","101","18","10","10","1","5","2","2","0","0","19","15231"
"Sixto Sanchez","MIA","3","2","3.46","7","7","1","0","0","0","0","39.0","158","36","15","15","3","11","1","2","1","0","33","19680"
"J.A. Happ","NYY","2","2","3.47","9","9","0","0","0","0","0","49.1","196","37","19","19","8","15","0","1","0","0","42","7410"
"Cristian Javier","HOU","5","2","3.48","12","10","0","0","0","0","0","54.1","214","36","21","21","11","18","0","2","4","2","54","17606"
"Lucas Giolito","CHW","4","3","3.48","12","12","1","1","0","0","0","72.1","288","47","31","28","8","28","0","2","3","0","97","15474"
"Chad Green","NYY","3","3","3.51","22","0","0","0","1","6","2","25.2","100","13","13","10","5","8","2","0","3","0","32","15552"
"Anthony Bass","TOR","2","3","3.51","26","0","0","0","7","3","2","25.2","100","17","13","10","2","9","2","0","0","0","21","7982"
"Jonathan Loaisiga","NYY","3","0","3.52","12","3","0","0","0","2","2","23.0","100","21","11","9","3","7","1","4","1","0","22","19753"
"Shaun Anderson","SFG","0","0","3.52","18","0","0","0","0","2","0","15.1","67","10","6","6","3","12","0","0","2","0","18","19453"
"Ryan Yarbrough","TBR","1","4","3.56","11","9","0","0","0","0","0","55.2","234","54","22","22","5","12","1","7","2","0","44","16502"
"Masahiro Tanaka","NYY","3","3","3.56","10","10","0","0","0","0","0","48.0","197","48","25","19","9","8","0","2","0","0","44","15764"
"Framber Valdez","HOU","5","3","3.57","11","10","0","0","0","0","0","70.2","288","63","32","28","5","16","0","5","6","1","76","17295"
"Justus Sheffield","SEA","4","3","3.58","10","10","0","0","0","0","0","55.1","232","52","23","22","2","20","0","3","1","0","48","17285"
"Tyler Mahle","CIN","2","2","3.59","10","9","0","0","0","0","0","47.2","201","34","21","19","6","21","0","4","2","1","60","16358"
"Giovanny Gallegos","STL","2","2","3.60","16","0","0","0","4","1","0","15.0","57","9","6","6","1","4","0","0","1","0","21","14986"
"Pablo Lopez","MIA","6","4","3.61","11","11","0","0","0","0","0","57.1","240","50","27","23","4","18","1","2","0","0","59","17085"
"Jaime Barria","LAA","1","0","3.62","7","5","0","0","0","0","0","32.1","132","27","13","13","3","9","1","1","0","0","27","18356"
"Kevin Gausman","SFG","3","3","3.62","12","10","0","0","0","0","0","59.2","245","50","26","24","8","16","0","0","4","1","79","14107"
"Mychal Givens","- - -","1","1","3.63","22","0","0","0","1","6","2","22.1","93","16","10","9","5","10","0","2","2","0","25","10430"
"Geoff Hartlieb","PIT","1","0","3.63","21","0","0","0","0","5","0","22.1","101","16","11","9","1","19","0","3","2","0","19","19558"
"Taylor Hearn","TEX","0","0","3.63","14","0","0","0","0","0","0","17.1","76","13","8","7","2","11","0","1","2","0","23","18325"
"Daniel Bard","COL","4","2","3.65","23","0","0","0","6","2","0","24.2","106","22","10","10","2","10","2","3","1","0","27","7115"
"Daniel Mengden","OAK","0","1","3.65","4","1","0","0","0","0","0","12.1","58","14","5","5","2","7","0","1","0","0","10","16980"
"Justin Wilson","NYM","2","1","3.66","23","0","0","0","0","10","0","19.2","86","18","10","8","1","9","1","1","3","0","23","4301"
"Jace Fry","CHW","0","1","3.66","18","0","0","0","0","1","0","19.2","83","16","9","8","3","12","2","0","1","0","24","16159"
"Brandon Brennan","SEA","0","0","3.68","5","0","0","0","0","0","0","7.1","33","7","3","3","2","5","1","0","0","0","7","13527"
"Sonny Gray","CIN","5","3","3.70","11","11","0","0","0","0","0","56.0","235","42","26","23","4","26","0","2","7","1","72","12768"
"David Hale","- - -","0","0","3.71","11","2","0","0","1","0","0","17.0","75","23","7","7","2","4","0","0","0","0","14","9756"
"Jeurys Familia","NYM","2","0","3.71","25","0","0","0","0","5","1","26.2","120","20","11","11","2","19","2","3","1","0","23","5114"
"Nathan Eovaldi","BOS","4","2","3.72","9","9","0","0","0","0","0","48.1","199","51","20","20","8","7","0","4","2","0","52","9132"
"Sam Selman","SFG","1","1","3.72","24","0","0","0","1","3","0","19.1","82","13","8","8","2","9","0","2","2","0","23","13397"
"Andrew Suarez","SFG","0","0","3.72","6","0","0","0","0","0","0","9.2","42","9","4","4","1","6","0","0","1","0","5","18300"
"Max Scherzer","WSN","5","4","3.74","12","12","1","0","0","0","0","67.1","295","70","30","28","10","23","1","1","6","0","92","3137"
"German Marquez","COL","4","6","3.75","13","13","0","0","0","0","0","81.2","344","78","41","34","6","25","0","0","4","0","73","15038"
"Josh Hader","MIL","1","2","3.79","21","0","0","0","13","0","2","19.0","78","8","8","8","3","10","0","3","2","0","31","14212"
"Buck Farmer","DET","1","0","3.80","23","0","0","0","0","7","1","21.1","89","20","9","9","3","5","0","0","1","0","14","14814"
"Wander Suero","WSN","2","0","3.80","22","0","0","0","0","6","0","23.2","102","20","10","10","1","10","2","3","2","0","28","15855"
"Joe Musgrove","PIT","1","5","3.86","8","8","0","0","0","0","0","39.2","166","33","17","17","5","16","0","2","1","0","55","12970"
"Tyler Thornburg","CIN","0","0","3.86","7","0","0","0","0","1","0","7.0","32","6","3","3","0","5","0","0","1","0","10","10688"
"Nick Burdi","PIT","0","1","3.86","3","0","0","0","1","0","0","2.1","10","2","1","1","0","2","0","0","0","0","4","16074"
"Lou Trivino","OAK","0","0","3.86","20","0","0","0","0","0","1","23.1","93","16","10","10","3","10","0","0","1","0","26","15043"
"Sam Howard","PIT","2","3","3.86","22","0","0","0","0","4","2","21.0","90","17","10","9","4","9","0","3","0","0","27","16265"
"Pedro Strop","CIN","0","0","3.86","4","0","0","0","0","1","0","2.1","15","1","3","1","0","6","0","0","1","0","3","4070"
"Trevor May","MIN","1","0","3.86","24","0","0","0","2","8","0","23.1","96","20","11","10","5","7","0","0","2","0","38","6398"
"Blake Treinen","LAD","3","3","3.86","27","0","0","0","1","9","1","25.2","107","23","15","11","1","8","1","2","2","0","22","12572"
"Jimmy Yacabonis","SEA","0","1","3.86","2","1","0","0","0","0","0","2.1","13","2","1","1","0","3","0","1","0","0","1","15157"
"Thomas Eshelman","BAL","3","1","3.89","12","4","0","0","0","0","1","34.2","143","34","17","15","7","9","0","1","1","0","16","18361"
"Chris Stratton","PIT","2","1","3.90","27","0","0","0","0","5","2","30.0","131","26","19","13","3","13","0","0","1","0","39","13761"
"Ryan Tepera","CHC","0","1","3.92","21","0","0","0","0","2","1","20.2","89","17","9","9","2","12","0","1","1","0","31","10291"
"Lance McCullers Jr.","HOU","3","3","3.93","11","11","0","0","0","0","0","55.0","227","44","29","24","5","20","0","5","0","0","56","14120"
"Mike Soroka","ATL","0","1","3.95","3","3","0","0","0","0","0","13.2","57","11","7","6","0","7","0","1","1","0","8","18383"
"Ryan Brasier","BOS","1","0","3.96","25","1","0","0","0","10","2","25.0","110","24","12","11","2","11","1","0","1","2","30","5615"
"Chasen Shreve","NYM","1","0","3.96","17","0","0","0","0","1","0","25.0","102","17","12","11","4","12","0","0","0","0","34","10855"
"Tyler Alexander","DET","2","3","3.96","14","2","0","0","0","0","0","36.1","152","39","16","16","8","9","0","4","0","0","34","17735"
"Zach Eflin","PHI","4","2","3.97","11","10","1","1","0","0","0","59.0","245","60","28","26","8","15","0","1","1","0","70","13774"
"Spencer Turnbull","DET","4","4","3.97","11","11","0","0","0","0","0","56.2","242","47","25","25","2","29","1","2","0","0","51","16207"
"Dane Dunning","CHW","2","0","3.97","7","7","0","0","0","0","0","34.0","142","25","17","15","4","13","0","2","5","0","35","19409"
"Connor Brogdon","PHI","1","0","3.97","9","0","0","0","0","0","0","11.1","44","5","5","5","3","5","1","0","0","0","17","21205"
"Adam Cimber","CLE","0","1","3.97","14","0","0","0","0","3","0","11.1","49","13","5","5","1","2","0","0","0","0","5","15288"
"Freddy Peralta","MIL","3","1","3.99","15","1","0","0","0","3","1","29.1","125","22","14","13","2","12","0","3","2","1","47","18679"
"Griffin Canning","LAA","2","3","3.99","11","11","0","0","0","0","0","56.1","238","54","29","25","8","23","0","1","5","0","56","19867"
"Jose Berrios","MIN","5","4","4.00","12","12","0","0","0","0","0","63.0","271","57","28","28","8","26","0","3","5","0","68","14168"
"Dylan Cease","CHW","5","4","4.01","12","12","0","0","0","0","0","58.1","255","50","30","26","12","34","1","5","1","0","44","18525"
"Tommy Hunter","PHI","0","1","4.01","24","0","0","0","1","8","2","24.2","102","22","11","11","2","6","0","3","0","0","25","1157"
"Miguel Castro","- - -","2","2","4.01","26","0","0","0","1","5","2","24.2","115","28","12","11","4","13","0","1","0","0","38","15684"
"Bryse Wilson","ATL","1","0","4.02","6","2","0","0","1","0","0","15.2","73","18","7","7","2","9","0","1","0","0","15","19990"
"Javy Guerra","WSN","0","0","4.02","14","0","0","0","0","5","0","15.2","70","19","7","7","2","7","0","0","0","0","13","7407"
"Joey Gerber","SEA","1","1","4.02","17","0","0","0","0","4","1","15.2","62","13","8","7","1","5","0","1","1","0","6","24591"
"Zack Greinke","HOU","3","3","4.03","12","12","0","0","0","0","0","67.0","273","67","30","30","6","9","0","1","3","0","67","1943"
"Caleb Baragar","SFG","5","1","4.03","24","1","0","0","0","2","1","22.1","88","17","10","10","3","5","0","1","1","0","19","19231"
"Garrett Richards","SDP","2","2","4.03","14","10","0","0","0","1","0","51.1","213","47","23","23","7","17","0","2","3","0","46","9784"
"Sergio Romo","MIN","1","2","4.05","24","0","0","0","5","10","1","20.0","87","16","9","9","3","7","0","3","0","0","23","9817"
"Randy Dobnak","MIN","6","4","4.05","10","10","0","0","0","0","0","46.2","200","50","21","21","3","13","0","4","0","0","27","23798"
"Taylor Rogers","MIN","2","4","4.05","21","0","0","0","9","2","2","20.0","91","26","14","9","2","4","0","1","1","0","24","13449"
"Felix Pena","LAA","3","0","4.05","25","0","0","0","2","4","3","26.2","115","27","12","12","2","8","0","1","3","0","29","13403"
"Anthony Misiewicz","SEA","0","2","4.05","21","0","0","0","0","8","1","20.0","83","20","9","9","2","6","1","1","2","0","25","18152"
"Brady Singer","KCR","4","5","4.06","12","12","0","0","0","0","0","64.1","263","52","29","29","8","23","0","2","5","1","61","25377"
"Rafael Montero","TEX","0","1","4.08","17","0","0","0","8","0","0","17.2","72","12","11","8","2","6","0","1","0","0","19","12760"
"Tyler Glasnow","TBR","5","1","4.08","11","11","0","0","0","0","0","57.1","238","43","26","26","11","22","0","0","7","0","91","14374"
"Tyler Zuber","KCR","1","2","4.09","23","0","0","0","0","0","0","22.0","99","15","11","10","4","20","1","1","1","0","30","20379"
"Jake Newberry","KCR","1","0","4.09","20","0","0","0","1","1","0","22.0","94","20","12","10","3","12","0","2","3","0","24","15136"
"Jesus Luzardo","OAK","3","2","4.12","12","9","0","0","0","0","0","59.0","248","58","27","27","9","17","1","3","3","1","59","19959"
"Julian Merryweather","TOR","0","0","4.15","8","3","0","0","0","1","0","13.0","55","11","6","6","0","6","0","0","0","0","15","16703"
"Hunter Harvey","BAL","0","2","4.15","10","0","0","0","0","4","0","8.2","37","8","6","4","2","2","0","1","2","0","6","15507"
"Scott Barlow","KCR","2","1","4.20","32","0","0","0","2","7","0","30.0","125","27","14","14","4","9","2","2","2","0","39","14993"
"Brett Anderson","MIL","4","4","4.21","10","10","0","0","0","0","0","47.0","202","50","24","22","6","10","0","4","0","0","32","8223"
"Alex Claudio","MIL","0","0","4.26","20","0","0","0","1","1","0","19.0","81","18","10","9","2","6","0","1","2","0","15","12890"
"Chad Kuhl","PIT","2","3","4.27","11","9","0","0","0","0","0","46.1","197","35","26","22","8","28","0","2","1","0","44","14975"
"Michael Lorenzen","CIN","3","1","4.28","18","2","0","0","0","2","1","33.2","147","30","17","16","3","17","1","1","2","1","35","14843"
"Erick Fedde","WSN","2","4","4.29","11","8","0","0","0","0","0","50.1","222","47","25","24","10","22","2","3","2","0","28","17425"
"Alex Cobb","BAL","2","5","4.30","10","10","0","0","0","0","0","52.1","226","52","27","25","8","18","0","2","1","0","38","6562"
"Matt Barnes","BOS","1","3","4.30","24","0","0","0","9","4","4","23.0","102","18","13","11","4","14","1","2","4","0","31","12863"
"Gregory Soto","DET","0","1","4.30","27","0","0","0","2","4","1","23.0","98","16","11","11","2","13","0","2","3","0","29","19677"
"Kris Bubic","KCR","1","6","4.32","10","10","0","0","0","0","0","50.0","222","52","29","24","8","22","1","2","0","0","49","21455"
"Luis Avilan","NYY","0","0","4.32","10","0","0","0","0","0","0","8.1","39","9","4","4","2","5","0","0","0","0","9","2882"
"Kyle Freeland","COL","2","3","4.33","13","13","0","0","0","0","0","70.2","304","77","34","34","9","23","0","3","0","0","46","16256"
"Justin Dunn","SEA","4","1","4.34","10","10","0","0","0","0","0","45.2","198","31","23","22","10","31","1","2","0","0","38","19268"
"T.J. McFarland","OAK","2","0","4.35","23","0","0","0","0","6","0","20.2","92","26","10","10","5","5","0","1","1","0","9","3237"
"Carson Fulmer","- - -","0","0","4.35","10","0","0","0","0","0","0","10.1","46","8","5","5","1","5","0","2","3","0","11","18311"
"Taylor Clarke","ARI","3","0","4.36","12","5","0","0","0","0","0","43.1","183","35","23","21","8","21","2","0","0","0","40","17611"
"Tyler Anderson","SFG","4","3","4.37","13","11","1","0","0","0","0","59.2","260","58","32","29","5","25","0","4","1","0","41","12880"
"Ryan Weber","BOS","1","3","4.40","17","5","0","0","0","5","0","43.0","185","44","23","21","8","14","0","3","1","0","27","10160"
"Brady Lail","- - -","0","0","4.41","8","0","0","0","0","0","0","16.1","71","14","8","8","5","7","0","2","0","0","12","14707"
"Nick Vincent","MIA","1","2","4.43","21","0","0","0","3","0","0","22.1","92","23","11","11","5","6","0","1","0","0","17","7555"
"Ryan Thompson","TBR","1","2","4.44","25","1","0","0","1","4","0","26.1","114","29","15","13","4","8","0","0","0","1","23","16647"
"Andrew Heaney","LAA","4","3","4.45","12","12","0","0","0","0","0","66.2","279","63","35","33","9","19","1","2","2","0","70","15423"
"Alec Mills","CHC","5","5","4.48","11","11","1","1","0","0","0","62.1","252","53","31","31","13","19","0","2","0","1","46","13834"
"Ian Hamilton","CHW","0","0","4.50","4","0","0","0","0","0","0","4.0","20","4","2","2","0","5","0","0","2","0","4","19261"
"Matt Andriese","LAA","2","4","4.50","16","1","0","0","2","3","1","32.0","126","21","17","16","5","11","0","1","0","0","33","12022"
"Taylor Widener","ARI","0","1","4.50","12","0","0","0","0","1","0","20.0","88","14","10","10","5","12","1","3","0","0","22","19266"
"Martin Perez","BOS","3","5","4.50","12","12","0","0","0","0","0","62.0","262","55","33","31","8","28","0","3","2","0","46","6902"
"Cody Reed","- - -","0","1","4.50","11","0","0","0","0","0","0","12.0","55","11","6","6","2","8","0","1","1","0","12","15232"
"Paolo Espino","WSN","0","0","4.50","2","1","0","0","0","0","0","6.0","27","8","3","3","1","2","0","0","0","0","7","8246"
"Jose Quintana","CHC","0","0","4.50","4","1","0","0","0","0","0","10.0","41","10","5","5","1","3","0","0","1","0","12","11423"
"Austin Adams","SDP","0","0","4.50","3","0","0","0","0","1","0","4.0","17","3","2","2","1","2","0","0","1","0","7","13801"
"Jose Leclerc","TEX","0","0","4.50","2","0","0","0","1","0","0","2.0","10","2","1","1","0","2","0","0","0","0","3","14524"
"Keone Kela","PIT","0","0","4.50","3","0","0","0","0","0","0","2.0","10","3","1","1","1","1","0","0","0","0","3","14696"
"Sean Manaea","OAK","4","3","4.50","11","11","0","0","0","0","0","54.0","222","57","32","27","7","8","0","1","1","0","45","15873"
"Adonis Medina","PHI","0","1","4.50","1","1","0","0","0","0","0","4.0","18","3","2","2","0","3","0","0","0","1","4","19903"
"Blake Cederlind","PIT","0","0","4.50","5","0","0","0","0","0","0","4.0","16","3","2","2","0","1","0","0","1","0","4","20344"
"Kevin McCarthy","KCR","0","0","4.50","5","0","0","0","0","0","0","6.0","29","10","3","3","1","2","0","1","0","0","2","15240"
"Tyler Rogers","SFG","3","3","4.50","29","0","0","0","3","10","3","28.0","123","31","16","14","2","6","0","4","0","0","27","15541"
"Will Smith","ATL","2","2","4.50","18","0","0","0","0","5","1","16.0","62","11","8","8","7","4","0","0","0","0","18","8048"
"Emilio Pagan","SDP","0","1","4.50","22","0","0","0","2","7","5","22.0","87","14","11","11","4","9","0","0","0","0","23","14771"
"Ryan Buchter","LAA","2","0","4.50","10","0","0","0","0","0","0","6.0","29","5","4","3","2","6","0","0","1","0","8","9456"
"Tim Hill","SDP","3","0","4.50","23","0","0","0","0","5","0","18.0","79","17","9","9","3","6","1","2","1","1","20","16814"
"John Means","BAL","2","4","4.53","10","10","0","0","0","0","0","43.2","176","36","22","22","12","7","0","4","2","0","42","16269"
"Keegan Akin","BAL","1","2","4.56","8","6","0","0","0","0","0","25.2","116","27","17","13","3","10","0","1","0","1","35","19362"
"Phil Maton","CLE","3","3","4.57","23","0","0","0","0","4","1","21.2","96","23","14","11","1","6","1","4","1","0","32","18064"
"Hector Neris","PHI","2","2","4.57","24","0","0","0","5","4","3","21.2","103","24","15","11","0","13","2","0","3","1","27","11804"
"Nick Margevicius","SEA","2","3","4.57","10","7","0","0","0","0","1","41.1","170","38","21","21","6","14","2","0","2","0","36","20395"
"Mike Fiers","OAK","6","3","4.58","11","11","0","0","0","0","0","59.0","257","65","31","30","9","16","0","4","1","0","37","7754"
"Seth Elledge","STL","1","0","4.63","12","0","0","0","0","0","0","11.2","52","11","6","6","2","8","0","1","2","0","14","19766"
"Adrian Morejon","SDP","2","2","4.66","9","4","0","0","0","0","0","19.1","79","20","11","10","7","4","0","0","0","0","25","20039"
"Patrick Corbin","WSN","2","7","4.66","11","11","0","0","0","0","0","65.2","295","85","35","34","10","18","1","0","1","1","60","9323"
"Sean Poppen","MIN","0","0","4.70","6","0","0","0","0","1","0","7.2","35","9","4","4","0","4","0","0","3","0","10","19583"
"Matt Shoemaker","TOR","0","1","4.71","6","6","0","0","0","0","0","28.2","115","22","16","15","8","9","0","0","0","0","26","4776"
"Robert Stock","BOS","0","1","4.73","10","0","0","0","0","0","0","13.1","62","16","9","7","0","10","0","0","3","0","14","6576"
"Chris Paddack","SDP","4","5","4.73","12","12","0","0","0","0","0","59.0","245","60","33","31","14","12","0","2","0","0","58","20099"
"Charlie Morton","TBR","2","2","4.74","9","9","0","0","0","0","0","38.0","170","43","21","20","4","10","0","4","1","0","42","4676"
"Aaron Civale","CLE","4","6","4.74","12","12","1","0","0","0","0","74.0","312","82","39","39","11","16","0","3","0","1","69","19479"
"Josh Tomlin","ATL","2","2","4.76","17","5","0","0","0","1","0","39.2","163","40","22","21","6","8","2","1","1","0","36","9388"
"Nick Nelson","NYY","1","0","4.79","11","0","0","0","0","0","0","20.2","90","20","13","11","4","11","0","0","0","0","18","20153"
"Chris Mazza","BOS","1","2","4.80","9","6","0","0","0","0","0","30.0","136","34","18","16","3","15","0","2","4","0","29","14151"
"Dean Kremer","BAL","1","1","4.82","4","4","0","0","0","0","0","18.2","83","15","10","10","0","12","0","0","0","0","22","19350"
"Gio Gonzalez","CHW","1","2","4.83","12","4","0","0","0","0","0","31.2","153","40","19","17","6","19","0","2","2","0","34","7448"
"Wes Benjamin","TEX","2","1","4.84","8","1","0","0","0","0","0","22.1","98","24","12","12","4","7","0","0","0","0","21","19243"
"Jared Hughes","NYM","1","2","4.84","18","0","0","0","0","2","0","22.1","109","23","17","12","3","14","2","5","0","0","21","9325"
"Corey Oswalt","NYM","0","0","4.85","4","1","0","0","0","0","0","13.0","55","14","7","7","3","2","0","1","0","0","11","13677"
"Adam Plutko","CLE","2","2","4.88","10","4","0","0","1","0","0","27.2","116","30","15","15","5","7","0","1","0","0","15","15846"
"Carlos Hernandez","KCR","0","1","4.91","5","3","0","0","0","0","0","14.2","67","19","9","8","4","6","0","1","0","0","13","22713"
"Jack Flaherty","STL","4","3","4.91","9","9","0","0","0","0","0","40.1","170","33","22","22","6","16","0","3","1","0","49","17479"
"Kyle McGowin","WSN","1","0","4.91","9","0","0","0","1","1","0","11.0","47","9","6","6","2","5","1","0","1","0","16","15071"
"Cameron Hill","CLE","2","0","4.91","18","0","0","0","1","2","0","18.1","72","11","11","10","4","5","1","2","0","0","16","16840"
"JT Brubaker","PIT","1","3","4.94","11","9","0","0","0","1","0","47.1","205","48","27","26","6","17","0","3","4","0","48","17578"
"Brooks Raley","- - -","0","1","4.95","21","0","0","0","1","6","0","20.0","84","13","12","11","3","6","0","4","0","0","27","10061"
"Danny Duffy","KCR","4","4","4.95","12","11","0","0","0","1","0","56.1","242","53","33","31","10","22","0","2","3","0","57","3542"
"Daniel Ponce de Leon","STL","1","3","4.96","9","8","0","0","0","0","0","32.2","143","23","18","18","8","20","0","2","0","0","45","16110"
"Walker Lockett","- - -","1","0","4.96","7","1","0","0","0","0","0","16.1","73","21","9","9","2","4","0","2","0","0","11","13804"
"Deivi Garcia","NYY","3","2","4.98","6","6","0","0","0","0","0","34.1","146","35","20","19","6","6","0","1","0","0","33","20276"
"Jonathan Holder","NYY","3","0","4.98","18","0","0","0","0","0","0","21.2","101","25","13","12","3","11","1","0","1","0","14","16588"
"Nik Turley","PIT","0","3","4.98","25","0","0","0","1","3","3","21.2","92","13","13","12","1","11","1","3","1","1","20","5530"
"Evan Phillips","BAL","1","1","5.02","14","0","0","0","0","2","0","14.1","69","14","8","8","1","10","0","3","1","1","20","17734"
"Reggie McClain","PHI","0","0","5.06","5","0","0","0","0","0","0","5.1","29","9","6","3","1","3","0","0","0","0","2","19311"
"Mike Montgomery","KCR","0","0","5.06","3","1","0","0","0","0","0","5.1","23","6","5","3","1","1","0","0","0","0","4","4869"
"Jake Arrieta","PHI","4","4","5.08","9","9","0","0","0","0","0","44.1","190","51","25","25","6","16","0","1","4","0","32","4153"
"Jordan Montgomery","NYY","2","3","5.11","10","10","0","0","0","0","0","44.0","193","48","27","25","7","9","0","2","3","0","47","16511"
"Casey Sadler","- - -","1","2","5.12","17","0","0","0","0","5","0","19.1","86","15","13","11","3","12","0","0","5","0","21","11209"
"Anthony Kay","TOR","2","0","5.14","13","0","0","0","0","2","0","21.0","98","22","13","12","3","14","1","0","0","0","22","20387"
"Seth Lugo","NYM","3","4","5.15","16","7","0","0","3","0","2","36.2","160","40","22","21","8","10","1","2","1","0","47","12447"
"Josh Lindblom","MIL","2","4","5.16","12","10","0","0","0","0","0","45.1","191","42","26","26","6","16","0","3","2","0","52","7882"
"Jon Lester","CHC","3","3","5.16","12","12","0","0","0","0","0","61.0","265","64","35","35","11","17","0","3","2","0","42","4930"
"Yusei Kikuchi","SEA","2","4","5.17","9","9","0","0","0","0","0","47.0","194","41","27","27","3","20","0","0","3","0","47","20633"
"Kyle Ryan","CHC","1","0","5.17","18","0","0","0","1","4","0","15.2","66","16","9","9","5","6","0","0","0","0","11","11753"
"Ljay Newsome","SEA","0","1","5.17","5","4","0","0","0","0","0","15.2","68","20","9","9","4","1","0","1","0","0","9","19942"
"Luis Patino","SDP","1","0","5.19","11","1","0","0","0","1","0","17.1","85","18","10","10","3","14","0","1","1","0","21","22815"
"Kyle Wright","ATL","2","4","5.21","8","8","0","0","0","0","0","38.0","168","35","23","22","7","24","1","0","1","0","30","19665"
"Ryan Helsley","STL","1","1","5.25","12","0","0","0","1","2","2","12.0","52","8","8","7","3","8","1","1","0","0","10","18138"
"Keynan Middleton","LAA","0","1","5.25","13","0","0","0","0","2","0","12.0","53","12","8","7","2","6","0","0","1","0","11","15264"
"Craig Kimbrel","CHC","0","1","5.28","18","0","0","0","2","3","1","15.1","69","10","9","9","2","12","1","2","4","0","28","6655"
"Dennis Santana","LAD","1","2","5.29","12","0","0","0","0","0","1","17.0","73","15","11","10","4","7","0","2","1","0","18","17878"
"Adrian Houser","MIL","1","6","5.30","12","11","0","0","0","0","0","56.0","246","63","41","33","8","21","0","4","1","0","44","12718"
"Tyler Chatwood","CHC","2","2","5.30","5","5","0","0","0","0","0","18.2","86","22","11","11","2","9","0","0","1","0","25","4338"
"Tyler Kinley","COL","0","2","5.32","24","0","0","0","0","4","0","23.2","96","13","15","14","2","12","0","3","4","0","26","18297"
"Kyle Gibson","TEX","2","6","5.35","12","12","1","1","0","0","0","67.1","301","73","44","40","12","30","1","6","1","0","58","10123"
"Drew Butera","COL","0","0","5.40","1","0","0","0","0","0","0","1.2","8","3","1","1","0","0","0","0","0","0","1","3411"
"Johnny Cueto","SFG","2","3","5.40","12","12","0","0","0","0","0","63.1","277","61","41","38","9","26","0","3","1","2","56","6893"
"Steve Cishek","CHW","0","0","5.40","22","0","0","0","0","0","1","20.0","93","21","12","12","4","9","0","4","0","0","21","6483"
"Tyson Miller","CHC","0","0","5.40","2","1","0","0","0","0","0","5.0","20","2","3","3","1","3","0","0","0","1","0","19976"
"Humberto Mejia","MIA","0","2","5.40","3","3","0","0","0","0","0","10.0","49","13","8","6","3","6","0","1","0","0","11","20739"
"Nick Mears","PIT","0","0","5.40","4","0","0","0","0","0","0","5.0","26","4","3","3","1","7","0","0","1","0","7","25376"
"Matt Davidson","CIN","0","0","5.40","3","0","0","0","0","0","0","3.1","15","4","2","2","1","2","0","0","0","0","1","7226"
"Jose Urena","MIA","0","3","5.40","5","5","0","0","0","0","0","23.1","104","22","15","14","4","13","0","2","1","0","15","11589"
"Rico Garcia","SFG","1","1","5.40","12","0","0","0","0","2","1","10.0","44","13","6","6","1","4","0","0","2","0","7","20023"
"Nick Neidert","MIA","0","0","5.40","4","0","0","0","0","0","0","8.1","34","10","5","5","1","2","0","0","0","0","4","18699"
"Glenn Sparkman","KCR","0","0","5.40","4","0","0","0","0","0","0","5.0","27","9","6","3","0","1","0","0","0","0","2","15200"
"Artie Lewicki","ARI","0","0","5.40","2","0","0","0","0","0","0","3.1","18","7","2","2","0","1","0","0","0","0","5","16731"
"Beau Burrows","DET","0","0","5.40","5","0","0","0","0","0","0","6.2","30","8","4","4","3","1","0","1","0","0","3","18873"
"Alex Young","ARI","2","4","5.44","15","7","0","0","0","1","0","46.1","204","51","30","28","11","14","0","1","1","0","39","18333"
"Logan Webb","SFG","3","4","5.47","13","11","0","0","0","0","0","54.1","246","61","38","33","4","24","1","7","3","0","46","17995"
"Johan Oviedo","STL","0","3","5.47","5","5","0","0","0","0","0","24.2","112","24","18","15","3","10","0","5","4","0","16","22487"
"Jacob Barnes","LAA","0","2","5.50","18","0","0","0","0","1","0","18.0","78","19","13","11","1","4","0","2","0","0","24","12323"
"Adam Morgan","PHI","0","1","5.54","17","0","0","0","0","2","2","13.0","58","14","8","8","3","6","0","0","0","0","16","12580"
"Mike Minor","- - -","1","6","5.56","12","11","1","1","0","0","0","56.2","239","50","36","35","11","20","0","1","0","0","62","10021"
"Vince Velasquez","PHI","1","1","5.56","9","7","0","0","0","0","0","34.0","154","36","21","21","5","17","1","3","0","0","46","11189"
"Cole Sulser","BAL","1","5","5.56","19","0","0","0","5","1","3","22.2","100","17","18","14","2","17","1","0","1","0","19","15256"
"Jake Woodford","STL","1","0","5.57","12","1","0","0","0","0","0","21.0","85","20","13","13","7","5","0","0","1","0","16","18674"
"Frankie Montas","OAK","3","5","5.60","11","11","0","0","0","0","0","53.0","237","57","35","33","10","23","0","1","2","0","60","14309"
"Colten Brewer","BOS","0","3","5.61","11","4","0","0","0","0","0","25.2","122","31","17","16","6","14","0","1","1","0","25","12997"
"Tarik Skubal","DET","1","4","5.63","8","7","0","0","0","0","0","32.0","134","28","21","20","9","11","0","2","0","0","37","22267"
"Craig Stammen","SDP","4","2","5.63","24","0","0","0","0","5","1","24.0","105","27","16","15","2","4","0","2","0","0","20","7274"
"Rick Porcello","NYM","1","7","5.64","12","12","0","0","0","0","0","59.0","261","74","41","37","5","15","0","2","1","0","54","2717"
"Patrick Sandoval","LAA","1","5","5.65","9","6","0","0","0","0","0","36.2","159","37","26","23","10","12","0","0","2","0","33","19447"
"Wade Miley","CIN","0","3","5.65","6","4","0","0","0","0","0","14.1","67","15","10","9","1","9","0","2","0","1","12","8779"
"Duane Underwood Jr.","CHC","1","0","5.66","17","0","0","0","0","1","0","20.2","88","25","13","13","5","6","1","1","2","0","27","14677"
"Cy Sneed","HOU","0","3","5.71","18","0","0","0","0","3","2","17.1","83","22","15","11","3","10","2","0","1","0","21","16106"
"Luis Perdomo","SDP","0","0","5.71","10","1","0","0","0","0","0","17.1","74","13","12","11","3","10","0","0","0","0","16","14682"
"Oliver Drake","TBR","0","2","5.73","11","0","0","0","2","1","2","11.0","45","7","8","7","2","6","1","0","1","0","7","8823"
"Dan Altavilla","- - -","2","3","5.75","22","0","0","0","1","3","0","20.1","89","18","14","13","3","12","0","0","2","0","24","16507"
"Kendall Graveman","SEA","1","3","5.79","11","2","0","0","0","5","1","18.2","77","15","13","12","2","8","0","0","0","0","15","15514"
"Colin Rea","CHC","1","1","5.79","9","2","0","0","0","1","0","14.0","62","15","9","9","3","2","0","0","0","0","10","12317"
"J.P. Feyereisen","MIL","0","0","5.79","6","0","0","0","0","0","0","9.1","37","4","6","6","3","5","0","1","0","0","7","16610"
"Ty Buttrey","LAA","2","3","5.81","27","0","0","0","5","2","4","26.1","112","28","18","17","4","9","3","1","2","0","18","14719"
"Ryan Castellani","COL","1","4","5.82","10","9","0","0","0","0","0","43.1","189","37","30","28","12","26","0","5","1","0","25","16377"
"Huascar Ynoa","ATL","0","0","5.82","9","5","0","0","0","0","0","21.2","100","23","14","14","2","13","1","2","2","1","17","20468"
"Yoshihisa Hirano","SEA","0","1","5.84","13","0","0","0","4","1","0","12.1","63","18","9","8","2","8","0","1","0","0","11","19756"
"Ross Stripling","- - -","3","3","5.84","12","9","0","0","1","0","0","49.1","220","56","37","32","13","18","0","1","1","0","40","13273"
"Brad Brach","NYM","1","0","5.84","14","0","0","0","0","0","1","12.1","58","8","8","8","2","14","0","1","2","0","14","6627"
"Braxton Garrett","MIA","1","1","5.87","2","2","0","0","0","0","0","7.2","34","8","6","5","3","5","0","0","1","0","8","21844"
"Drew Rasmussen","MIL","1","0","5.87","12","0","0","0","0","0","0","15.1","71","17","10","10","3","9","0","0","0","0","21","25385"
"Sean Doolittle","WSN","0","2","5.87","11","0","0","0","0","3","0","7.2","36","9","6","5","3","4","2","0","0","0","6","1581"
"Adam Ottavino","NYY","2","3","5.89","24","0","0","0","0","2","3","18.1","85","20","12","12","2","9","0","1","1","0","25","1247"
"Trevor Richards","TBR","0","0","5.91","9","4","0","0","0","0","0","32.0","150","44","24","21","6","11","0","0","1","0","27","19309"
"Nick Ramirez","DET","0","0","5.91","5","0","0","0","0","0","0","10.2","46","8","7","7","3","4","0","1","0","0","11","12575"
"Spencer Howard","PHI","1","2","5.92","6","6","0","0","0","0","0","24.1","113","30","17","16","6","10","0","1","0","0","23","23252"
"Yoan Lopez","ARI","0","1","5.95","20","0","0","0","0","1","0","19.2","87","21","15","13","4","9","2","0","0","1","16","17181"
"Brandon Workman","- - -","1","4","5.95","21","0","0","0","9","1","3","19.2","101","31","14","13","4","13","2","0","0","0","23","11428"
"Austin Brice","BOS","1","0","5.95","21","1","0","0","0","4","0","19.2","87","17","13","13","3","13","0","2","1","0","25","17237"
"Nate Pearson","TOR","1","0","6.00","5","4","0","0","0","0","0","18.0","81","14","15","12","5","13","0","0","1","0","16","20160"
"Scott Blewett","KCR","0","0","6.00","2","0","0","0","0","0","0","3.0","16","6","2","2","0","1","0","0","0","0","4","16427"
"Joel Kuhnel","CIN","1","0","6.00","3","0","0","0","0","0","0","3.0","13","4","2","2","2","0","0","0","0","0","3","19995"
"Jose Alvarado","TBR","0","0","6.00","9","0","0","0","0","1","0","9.0","45","9","7","6","2","6","0","2","3","0","13","17780"
"Lewis Thorpe","MIN","0","1","6.06","7","1","0","0","0","0","0","16.1","77","24","12","11","4","10","0","0","0","0","10","15906"
"Corey Knebel","MIL","0","0","6.08","15","0","0","0","0","0","2","13.1","62","15","9","9","4","8","0","0","0","0","15","15010"
"Jimmy Cordero","CHW","1","2","6.08","30","0","0","0","0","8","1","26.2","124","33","21","18","2","9","2","3","3","0","22","15690"
"John King","TEX","1","0","6.10","6","0","0","0","0","0","1","10.1","51","13","8","7","2","4","0","2","0","0","9","22051"
"Daniel Hudson","WSN","3","2","6.10","21","0","0","0","10","0","5","20.2","92","15","15","14","6","11","0","3","0","0","28","7146"
"Matt Magill","SEA","0","1","6.10","11","0","0","0","0","2","2","10.1","45","9","7","7","3","6","0","0","1","0","11","3950"
"Trevor Rogers","MIA","1","2","6.11","7","7","0","0","0","0","0","28.0","130","32","20","19","5","13","0","2","0","1","39","22286"
"Taylor Williams","- - -","1","1","6.14","15","0","0","0","6","1","0","14.2","67","14","10","10","1","7","1","3","6","1","20","14899"
"Trevor Williams","PIT","2","8","6.18","11","11","0","0","0","0","0","55.1","252","66","42","38","15","21","0","4","1","0","49","16977"
"Nivaldo Rodriguez","HOU","0","1","6.23","5","0","0","0","0","0","0","8.2","46","15","7","6","3","6","1","0","1","0","8","22449"
"Nate Jones","CIN","0","1","6.27","21","0","0","0","0","4","0","18.2","86","25","13","13","5","6","1","2","2","0","23","4696"
"John Schreiber","DET","0","1","6.32","15","0","0","0","0","1","1","15.2","70","19","11","11","2","4","1","1","0","0","14","20020"
"Austin Voth","WSN","2","5","6.34","11","11","1","0","0","0","0","49.2","225","57","36","35","14","18","2","4","1","0","44","15047"
"Edinson Volquez","TEX","2","1","6.35","7","0","0","0","0","0","0","5.2","26","6","4","4","0","2","0","1","0","0","3","3990"
"Josh Osich","- - -","1","1","6.38","17","1","0","0","0","1","0","18.1","86","21","16","13","6","5","0","2","0","0","24","11528"
"Jakob Junis","KCR","0","2","6.39","8","6","0","0","0","1","0","25.1","114","35","18","18","7","6","1","2","2","1","19","13619"
"Alex Wood","LAD","0","1","6.39","9","2","0","0","0","1","0","12.2","65","17","11","9","2","6","1","3","1","0","15","13781"
"Drew Smith","NYM","0","1","6.43","8","0","0","0","0","2","0","7.0","29","6","6","5","2","2","1","0","1","0","7","17755"
"David Hess","BAL","0","0","6.43","3","0","0","0","0","0","0","7.0","32","10","5","5","1","2","0","0","0","0","1","16130"
"Madison Bumgarner","ARI","1","4","6.48","9","9","0","0","0","0","0","41.2","190","47","31","30","13","13","2","6","0","0","30","5524"
"Reynaldo Lopez","CHW","1","3","6.49","8","8","0","0","0","0","0","26.1","121","28","21","19","9","15","0","1","1","0","24","16400"
"Ramon Rosso","PHI","0","1","6.52","7","1","0","0","0","0","0","9.2","46","9","7","7","1","8","0","1","3","1","11","20368"
"Andrew Chafin","- - -","1","2","6.52","15","0","0","0","1","3","2","9.2","45","11","7","7","2","5","1","0","0","0","13","12988"
"David Phelps","- - -","2","4","6.53","22","0","0","0","0","6","2","20.2","85","19","16","15","7","5","0","1","1","0","31","6316"
"Ian Gibaut","TEX","0","1","6.57","14","0","0","0","0","2","1","12.1","59","11","10","9","2","9","0","1","2","1","14","17871"
"Luke Weaver","ARI","1","9","6.58","12","12","0","0","0","0","0","52.0","236","63","39","38","10","18","0","1","0","0","55","16918"
"Jake Odorizzi","MIN","0","1","6.59","4","4","0","0","0","0","0","13.2","60","16","10","10","4","3","0","1","0","0","12","6397"
"Michael Wacha","NYM","1","4","6.62","8","7","0","0","0","0","0","34.0","156","46","26","25","9","7","0","2","2","0","37","14078"
"Robbie Ray","- - -","2","5","6.62","12","11","0","0","0","0","0","51.2","251","53","40","38","13","45","1","1","6","0","68","11486"
"Anibal Sanchez","WSN","4","5","6.62","11","11","0","0","0","0","0","53.0","245","70","40","39","11","18","2","3","0","2","43","3284"
"James Paxton","NYY","1","1","6.64","5","5","0","0","0","0","0","20.1","90","23","17","15","4","7","0","1","2","0","26","11828"
"Jon Gray","COL","2","4","6.69","8","8","0","0","0","0","0","39.0","174","45","31","29","6","11","0","2","2","1","22","14916"
"Jorge Lopez","- - -","2","2","6.69","10","6","0","0","0","0","0","39.0","174","46","32","29","7","12","1","3","4","0","28","14527"
"Tommy Milone","- - -","1","4","6.69","9","9","0","0","0","0","0","39.0","181","55","34","29","9","6","0","2","1","0","40","7608"
"Matthew Boyd","DET","3","7","6.71","12","12","1","0","0","0","0","60.1","271","67","46","45","15","22","0","5","5","0","60","15440"
"Devin Smeltzer","MIN","2","0","6.75","7","1","0","0","0","0","0","16.0","72","19","12","12","2","5","0","1","0","0","15","19487"
"Humberto Castellanos","HOU","0","1","6.75","8","0","0","0","0","0","1","10.2","51","12","8","8","2","5","0","2","0","0","12","21183"
"Brandon Bielak","HOU","3","3","6.75","12","6","0","0","0","0","0","32.0","148","39","26","24","9","17","0","2","0","0","26","19866"
"James Bourque","WSN","1","0","6.75","6","0","0","0","0","0","0","4.0","19","3","3","3","1","5","0","0","1","0","1","16668"
"Dany Jimenez","SFG","0","0","6.75","2","0","0","0","0","0","0","1.1","8","1","1","1","0","3","0","0","0","0","1","21170"
"Kevin Ginkel","ARI","0","2","6.75","19","0","0","0","1","0","1","16.0","79","21","13","12","3","13","2","0","4","0","18","19876"
"Ricardo Sanchez","STL","0","0","6.75","3","0","0","0","0","0","0","5.1","27","5","4","4","1","5","0","1","0","1","4","17581"
"Luke Bard","LAA","0","0","6.75","6","0","0","0","0","1","0","5.1","23","7","4","4","2","0","0","0","0","1","7","14288"
"Tanner Roark","TOR","2","3","6.80","11","11","0","0","0","0","0","47.2","220","60","39","36","14","23","0","2","2","0","41","8753"
"Asher Wojciechowski","BAL","1","3","6.81","10","7","0","0","0","0","0","37.0","168","45","29","28","11","15","0","1","0","0","31","10836"
"Josh A. Smith","MIA","1","1","6.84","16","1","0","0","1","1","0","26.1","121","33","21","20","3","11","2","1","0","0","18","10946"
"Luke Jackson","ATL","2","0","6.84","19","0","0","0","0","1","0","26.1","132","39","23","20","2","13","0","2","3","0","20","11752"
"Derek Holland","PIT","1","3","6.86","12","5","0","0","0","0","1","40.2","179","42","33","31","12","15","0","3","2","1","45","4141"
"Chi Chi Gonzalez","COL","0","2","6.86","6","4","0","0","0","0","0","19.2","91","22","16","15","3","10","0","3","2","0","16","14663"
"Jesse Chavez","TEX","0","0","6.88","18","0","0","0","0","2","3","17.0","77","20","13","13","6","7","0","1","0","0","13","5448"
"Nick Pivetta","- - -","2","0","6.89","5","2","0","0","0","1","0","15.2","71","18","12","12","4","6","0","1","1","0","17","15454"
"Casey Mize","DET","0","3","6.99","7","7","0","0","0","0","0","28.1","133","29","25","22","7","13","0","5","2","0","26","20492"
"Jordan Lyles","TEX","1","6","7.02","12","9","0","0","0","0","0","57.2","266","67","49","45","12","23","0","2","3","1","36","7593"
"Dylan Covey","BOS","0","0","7.07","8","0","0","0","0","1","0","14.0","60","18","11","11","2","2","0","0","1","0","11","14825"
"Jeffrey Springs","BOS","0","2","7.08","16","0","0","0","0","1","1","20.1","99","30","18","16","5","7","1","1","2","0","28","17677"
"Dovydas Neverauskas","PIT","0","3","7.11","17","0","0","0","0","0","0","19.0","89","24","17","15","5","10","0","0","2","0","23","11604"
"David Bednar","SDP","0","0","7.11","4","0","0","0","0","0","0","6.1","32","11","6","5","1","2","0","0","0","0","5","19569"
"Clarke Schmidt","NYY","0","1","7.11","3","1","0","0","0","0","0","6.1","33","7","5","5","0","5","0","2","1","0","7","19899"
"Joe Jimenez","DET","1","3","7.15","25","0","0","0","5","4","1","22.2","101","25","19","18","7","6","0","5","1","0","22","15761"
"Ryne Stanek","MIA","0","0","7.20","9","0","0","0","0","0","0","10.0","48","11","8","8","3","8","1","0","0","0","11","15947"
"Jhoulys Chacin","ATL","1","0","7.20","2","0","0","0","0","0","0","5.0","24","6","4","4","1","3","0","0","0","0","3","2608"
"Chase Anderson","TOR","1","2","7.22","10","7","0","0","0","0","0","33.2","154","45","29","27","11","10","0","1","1","0","38","6895"
"Anthony DeSclafani","CIN","1","2","7.22","9","7","0","0","0","0","0","33.2","158","41","27","27","7","16","0","3","1","0","25","13050"
"Kyle Funkhouser","DET","1","1","7.27","13","0","0","0","0","0","0","17.1","81","22","14","14","3","11","0","0","1","0","12","19456"
"Josh James","HOU","1","0","7.27","13","2","0","0","0","4","2","17.1","83","15","14","14","4","17","0","2","2","0","21","16794"
"James Kaprielian","OAK","0","0","7.36","2","0","0","0","0","0","0","3.2","17","4","3","3","2","2","0","0","0","0","4","18331"
"Jose Quijada","LAA","0","1","7.36","6","0","0","0","0","1","1","3.2","20","6","4","3","1","2","0","1","0","0","6","19200"
"Carlos Estevez","COL","1","3","7.50","26","0","0","0","1","6","3","24.0","116","33","21","20","6","9","0","3","2","0","27","14542"
"Ashton Goudeau","COL","0","0","7.56","4","0","0","0","0","0","0","8.1","39","15","7","7","3","2","0","1","1","0","2","15139"
"Andrew Triggs","- - -","0","2","7.56","5","2","0","0","0","0","0","8.1","39","8","7","7","3","6","0","0","0","0","7","13533"
"Luis Garcia","TEX","0","2","7.56","11","2","0","0","0","0","0","8.1","45","10","9","7","1","9","1","0","2","0","11","6984"
"JoJo Romero","PHI","0","0","7.59","12","0","0","0","0","4","0","10.2","47","13","10","9","1","2","0","2","0","0","10","19574"
"Ryne Harper","WSN","1","0","7.61","23","0","0","0","0","1","0","23.2","110","29","21","20","5","9","2","1","2","0","25","12680"
"Hector Rondon","ARI","1","0","7.65","23","0","0","0","0","7","1","20.0","97","25","18","17","6","11","2","1","3","0","23","2391"
"Jairo Diaz","COL","1","2","7.65","24","0","0","0","4","3","0","20.0","106","31","21","17","4","14","1","3","2","0","17","12774"
"Kyle Keller","LAA","0","0","7.71","2","0","0","0","0","0","0","2.1","13","3","2","2","0","2","0","0","1","0","1","18890"
"Mike Kickham","BOS","1","1","7.71","6","2","0","0","0","0","0","14.0","70","21","12","12","6","5","1","2","0","0","17","11618"
"Bruce Zimmermann","BAL","0","0","7.71","2","1","0","0","0","0","0","7.0","31","6","6","6","2","2","0","2","2","0","7","20370"
"Dellin Betances","NYM","0","1","7.71","15","0","0","0","0","4","0","11.2","59","12","10","10","0","12","0","2","2","0","11","6216"
"Michel Baez","SDP","0","0","7.71","3","1","0","0","0","0","1","4.2","23","7","4","4","0","2","0","0","0","1","7","20100"
"Brad Peacock","HOU","0","0","7.71","3","0","0","0","0","0","0","2.1","12","3","2","2","0","1","0","1","0","0","3","5401"
"Kolby Allard","TEX","0","6","7.75","11","8","0","0","0","0","0","33.2","152","31","29","29","4","20","0","1","1","0","32","18694"
"Michael King","NYY","1","2","7.76","9","4","0","0","0","0","0","26.2","121","30","23","23","5","11","0","2","0","0","26","19853"
"Joey Lucchesi","SDP","0","1","7.94","3","2","0","0","0","0","0","5.2","32","13","5","5","0","2","0","1","0","0","5","19320"
"Jordan Zimmermann","DET","0","0","7.94","3","2","0","0","0","0","0","5.2","28","11","6","5","0","2","0","0","0","0","6","4505"
"Gabe Speier","KCR","0","1","7.94","8","0","0","0","0","1","0","5.2","30","9","5","5","1","4","0","0","0","0","6","17170"
"Dakota Bacus","WSN","0","0","7.94","11","0","0","0","0","2","0","11.1","57","14","10","10","1","9","0","0","0","0","7","14545"
"Wade LeBlanc","BAL","1","0","8.06","6","6","0","0","0","0","0","22.1","103","27","20","20","6","8","0","1","0","1","13","5221"
"Shun Yamaguchi","TOR","2","4","8.06","17","0","0","0","0","1","1","25.2","120","28","25","23","6","17","0","2","2","1","26","27460"
"Robbie Erlin","- - -","0","0","8.10","9","5","0","0","0","0","0","26.2","122","33","24","24","8","7","1","2","1","0","25","10354"
"Hunter Strickland","NYM","0","1","8.10","4","0","0","0","0","0","0","3.1","16","5","4","3","0","1","0","0","0","0","4","7836"
"Randy Rosario","KCR","0","1","8.10","4","0","0","0","0","0","1","3.1","21","7","3","3","1","3","0","1","1","0","4","14508"
"Hoby Milner","LAA","0","0","8.10","19","0","0","0","0","1","0","13.1","59","13","12","12","5","6","0","1","0","0","13","13346"
"Rex Brothers","CHC","0","0","8.10","3","0","0","0","0","0","0","3.1","15","2","3","3","2","3","0","0","0","1","8","9794"
"Cole Hamels","ATL","0","1","8.10","1","1","0","0","0","0","0","3.1","14","3","3","3","0","1","0","0","0","0","2","4972"
"Chris Rusin","ATL","0","0","8.10","1","0","0","0","0","0","0","3.1","17","6","3","3","1","3","0","0","0","0","3","9895"
"Rony Garcia","DET","1","0","8.14","15","2","0","0","0","0","0","21.0","96","25","20","19","7","9","0","0","1","0","14","20430"
"Jacob Waguespack","TOR","0","0","8.15","11","0","0","0","0","1","0","17.2","90","27","20","16","2","9","0","2","0","0","16","18318"
"Zack Godley","BOS","0","4","8.16","8","7","0","0","0","0","0","28.2","143","42","26","26","9","14","0","3","3","0","28","14862"
"Carlos Rodon","CHW","0","2","8.22","4","2","0","0","0","0","1","7.2","35","9","7","7","1","3","0","1","1","0","6","16137"
"Sean Gilmartin","TBR","0","0","8.31","2","0","0","0","0","0","0","4.1","24","7","4","4","2","4","0","0","0","0","5","12781"
"Dominic Leone","CLE","0","0","8.38","12","0","0","0","0","3","0","9.2","47","14","9","9","3","5","0","0","1","0","16","13763"
"Luke Farrell","TEX","0","0","8.44","4","0","0","0","0","0","0","5.1","27","5","5","5","1","5","0","1","2","0","8","15101"
"Ivan Nova","DET","1","1","8.53","4","4","0","0","0","0","0","19.0","88","22","18","18","4","9","0","0","2","0","9","1994"
"Deolis Guerra","PHI","1","3","8.59","9","0","0","0","0","0","0","7.1","36","10","9","7","3","2","0","2","0","0","8","8410"
"Tyler Bashlor","PIT","0","0","8.64","8","0","0","0","0","0","0","8.1","38","9","8","8","2","4","0","2","1","0","6","15203"
"Michael Fulmer","DET","0","2","8.78","10","10","0","0","0","0","0","27.2","136","45","27","27","8","12","0","1","0","0","20","13218"
"Touki Toussaint","ATL","0","2","8.88","7","5","0","0","0","0","0","24.1","120","27","28","24","7","16","0","5","2","0","30","16929"
"Erik Kratz","NYY","0","0","9.00","2","0","0","0","0","0","0","2.0","9","2","2","2","2","0","0","1","0","0","0","4403"
"Logan Forsythe","MIA","0","0","9.00","1","0","0","0","0","0","0","1.0","6","2","1","1","0","1","0","0","1","0","0","7185"
"Ehire Adrianza","MIN","0","0","9.00","1","0","0","0","0","0","0","1.0","5","1","1","1","1","0","0","1","0","0","0","8418"
"Yolmer Sanchez","CHW","0","0","9.00","1","0","0","0","0","0","0","1.0","4","2","1","1","1","0","0","0","0","0","0","11602"
"Yacksel Rios","PIT","0","0","9.00","3","0","0","0","0","1","0","4.0","17","3","4","4","0","2","0","1","0","0","3","15007"
"Jeff Brigham","MIA","0","0","9.00","1","0","0","0","0","0","0","1.0","5","2","1","1","0","0","0","0","0","0","0","16631"
"Carlos Sanabria","HOU","0","0","9.00","2","0","0","0","0","0","0","2.0","12","3","2","2","1","3","0","0","2","0","2","16634"
"Richard Lovelady","KCR","0","0","9.00","1","0","0","0","0","0","0","1.0","4","1","1","1","1","1","0","0","0","0","0","19337"
"Bernardo Flores Jr.","CHW","0","0","9.00","2","0","0","0","0","0","0","2.0","10","4","2","2","0","0","0","0","0","0","2","19561"
"Santiago Espinal","TOR","0","0","9.00","2","0","0","0","0","0","0","2.0","11","3","2","2","1","1","0","1","0","0","0","19997"
"Johan Quezada","MIA","0","0","9.00","3","0","0","0","0","0","0","3.0","12","4","3","3","1","1","0","0","0","0","2","20643"
"Stephen Tarpley","MIA","2","2","9.00","12","0","0","0","1","2","0","11.0","53","11","12","11","2","8","2","3","0","0","11","15859"
"Ian Kennedy","KCR","0","2","9.00","15","1","0","0","0","2","0","14.0","69","20","17","14","7","5","1","1","0","0","15","6986"
"Nick Goody","TEX","0","2","9.00","17","1","0","0","1","0","2","11.0","55","14","12","11","3","8","0","0","1","0","13","13685"
"Heath Hembree","- - -","3","0","9.00","22","0","0","0","0","3","1","19.0","90","26","19","19","9","8","0","2","0","0","20","11632"
"Sam Gaviglio","TOR","0","1","9.00","4","0","0","0","0","0","0","3.0","17","3","3","3","0","5","0","0","0","1","1","12778"
"Jeff Hoffman","COL","2","1","9.28","16","0","0","0","1","0","0","21.1","104","32","23","22","3","9","1","2","4","0","20","17432"
"Chance Adams","KCR","0","0","9.35","6","0","0","0","0","0","0","8.2","40","15","9","9","1","0","0","0","2","0","6","18135"
"Marcus Walden","BOS","0","2","9.45","15","0","0","0","1","2","0","13.1","71","23","18","14","5","9","0","0","1","0","10","8004"
"Robert Gsellman","NYM","0","0","9.64","6","4","0","0","0","1","0","14.0","71","22","15","15","4","8","0","1","2","0","9","13696"
"Brian Moran","- - -","1","0","9.64","7","0","0","0","0","0","1","4.2","26","6","5","5","1","6","0","0","0","0","7","9646"
"Steven Matz","NYM","0","5","9.68","9","6","0","0","0","0","0","30.2","142","42","33","33","14","10","0","0","2","0","36","13361"
"Jeff Samardzija","SFG","0","2","9.72","4","4","0","0","0","0","0","16.2","77","21","19","18","7","4","0","2","0","0","6","3254"
"Ken Giles","TOR","0","0","9.82","4","0","0","0","1","1","0","3.2","19","4","4","4","2","4","0","0","0","0","6","12910"
"Josh Taylor","BOS","1","1","9.82","8","0","0","0","0","1","2","7.1","36","7","8","8","2","5","0","1","0","0","7","17359"
"Sam Coonrod","SFG","0","2","9.82","18","0","0","0","3","2","2","14.2","71","17","16","16","2","7","0","2","1","0","15","17264"
"Carlos Martinez","STL","0","3","9.90","5","5","0","0","0","0","0","20.0","104","32","26","22","6","10","2","0","0","0","17","11682"
"Robert Stephenson","CIN","0","0","9.90","10","0","0","0","0","1","0","10.0","43","11","11","11","8","3","0","1","0","0","13","13594"
"Wilmer Font","TOR","1","3","9.92","21","0","0","0","0","2","1","16.1","85","28","19","18","2","9","0","1","1","0","15","5257"
"Jonathan Stiever","CHW","0","1","9.95","2","2","0","0","0","0","0","6.1","29","7","7","7","4","4","0","0","0","0","3","24584"
"Zack Littell","MIN","0","0","9.95","6","0","0","0","0","0","0","6.1","31","12","7","7","5","3","0","1","1","0","3","15823"
"Trevor Gott","SFG","1","2","10.03","15","0","0","0","4","3","2","11.2","57","13","13","13","7","8","0","1","0","0","8","15046"
"Julio Teheran","LAA","0","4","10.05","10","9","0","0","0","0","0","31.1","149","39","35","35","12","16","0","2","1","0","20","6797"
"Sterling Sharp","MIA","0","0","10.13","4","0","0","0","0","0","0","5.1","29","7","7","6","1","5","0","1","0","0","3","19671"
"Javy Guerra","SDP","1","0","10.13","14","0","0","0","0","2","0","13.1","67","25","16","15","1","5","0","1","2","0","12","17292"
"Hansel Robles","LAA","0","2","10.26","18","0","0","0","1","0","2","16.2","80","19","20","19","4","10","0","1","1","0","20","11801"
"Anthony Banda","TBR","1","0","10.29","4","0","0","0","1","0","0","7.0","36","10","9","8","1","5","0","2","0","0","4","14706"
"Phillip Diehl","COL","0","0","10.50","6","0","0","0","0","0","0","6.0","25","7","7","7","2","1","0","0","0","0","4","20030"
"Aaron Barrett","WSN","0","0","10.80","2","0","0","0","0","0","0","1.2","9","2","2","2","0","2","1","1","0","0","1","11243"
"Hector Perez","TOR","0","0","10.80","1","0","0","0","0","0","0","1.2","10","3","2","2","1","3","0","0","0","0","1","18592"
"Tucker Davidson","ATL","0","1","10.80","1","1","0","0","0","0","0","1.2","13","3","7","2","1","4","0","0","0","0","2","19871"
"Edgar Garcia","TBR","0","0","10.80","4","0","0","0","1","2","0","3.1","16","3","4","4","2","4","0","0","0","0","1","19276"
"Austin Davis","- - -","0","0","10.80","9","0","0","0","0","1","0","6.2","32","11","8","8","1","2","0","0","0","0","5","17117"
"Stephen Strasburg","WSN","0","1","10.80","2","2","0","0","0","0","0","5.0","23","8","6","6","1","1","0","0","0","0","2","10131"
"Trevor Kelley","PHI","0","0","10.80","4","0","0","0","0","0","0","3.1","19","8","4","4","2","1","0","0","1","0","5","18454"
"Josh D. Smith","MIA","0","0","10.80","2","0","0","0","0","0","0","1.2","10","2","2","2","1","1","0","2","0","0","4","13629"
"Zack Burdi","CHW","0","1","11.05","8","0","0","0","0","1","1","7.1","37","11","11","9","4","3","0","0","1","0","11","19159"
"Trent Thornton","TOR","0","0","11.12","3","3","0","0","0","0","0","5.2","33","15","7","7","0","3","0","0","0","0","6","17948"
"Franklyn Kilome","NYM","0","1","11.12","4","0","0","0","1","0","0","11.1","58","14","14","14","5","9","0","1","1","0","13","17861"
"Sean Newcomb","ATL","0","2","11.20","4","4","0","0","0","0","0","13.2","70","20","17","17","4","6","0","3","1","0","10","16943"
"Ariel Jurado","NYM","0","0","11.25","1","1","0","0","0","0","0","4.0","21","9","5","5","1","0","0","0","0","0","2","17030"
"Bobby Wahl","MIL","0","1","11.57","3","0","0","0","0","0","0","2.1","11","4","3","3","2","0","0","0","0","0","1","14832"
"Joseph Palumbo","TEX","0","1","11.57","2","0","0","0","0","0","0","2.1","14","3","3","3","1","3","0","0","0","0","5","17035"
"Matt Harvey","KCR","0","3","11.57","7","4","0","0","0","0","0","11.2","65","27","15","15","6","5","0","0","0","0","10","11713"
"Wil Crowe","WSN","0","2","11.88","3","3","0","0","0","0","0","8.1","46","14","13","11","5","8","0","1","0","0","8","19800"
"Ronald Bolanos","KCR","0","2","12.27","2","2","0","0","0","0","0","3.2","21","8","7","5","2","3","0","1","2","0","2","20041"
"Chad Sobotka","ATL","0","0","12.27","4","0","0","0","0","0","0","3.2","20","6","5","5","0","2","0","0","2","0","2","17470"
"Jose Mujica","COL","0","0","12.46","2","0","0","0","0","0","0","4.1","23","10","7","6","2","2","0","0","0","0","1","17821"
"Kirby Yates","SDP","0","1","12.46","6","0","0","0","2","1","0","4.1","25","7","6","6","1","4","0","0","2","0","8","9073"
"Aaron Fletcher","SEA","0","0","12.46","6","0","0","0","0","1","0","4.1","29","7","6","6","1","7","0","2","0","0","7","22052"
"Robert Dugger","MIA","0","0","12.66","4","1","0","0","0","0","0","10.2","56","21","16","15","5","3","0","0","1","0","4","19191"
"Justin Shafer","MIA","0","0","12.71","5","0","0","0","0","0","0","5.2","30","8","8","8","2","4","0","1","0","0","5","16132"
"Erik Swanson","SEA","0","2","12.91","9","0","0","0","0","1","1","7.2","37","11","12","11","3","2","0","2","1","0","9","16587"
"Eric Lauer","MIL","0","2","13.09","4","2","0","0","0","0","0","11.0","61","17","16","16","2","9","0","2","1","0","12","19316"
"Seth Romero","WSN","0","0","13.50","3","0","0","0","0","1","0","2.2","18","5","4","4","1","3","0","0","1","0","5","21333"
"Paul Sewald","NYM","0","0","13.50","5","0","0","0","0","0","0","6.0","35","12","9","9","1","4","0","1","0","0","2","13892"
"Dereck Rodriguez","SFG","0","0","13.50","2","0","0","0","0","0","0","4.0","24","10","6","6","2","3","0","0","0","0","2","14509"
"Brett Eibner","MIA","0","0","13.50","3","0","0","0","0","0","0","3.1","21","7","7","5","2","4","1","0","1","0","4","11369"
"Brock Holt","WSN","0","0","13.50","2","0","0","0","0","0","0","1.1","10","5","2","2","1","0","0","0","0","0","0","9345"
"Garrett Cleavinger","PHI","0","0","13.50","1","0","0","0","0","0","0","0.2","4","2","1","1","1","0","0","0","0","0","1","17897"
"Chase De Jong","HOU","0","1","14.73","3","2","0","0","0","0","0","7.1","38","12","12","12","2","4","0","1","0","0","9","15036"
"Zac Grotz","SEA","0","0","14.73","5","0","0","0","0","0","0","7.1","46","11","12","12","4","11","0","4","1","0","4","18256"
"Chris Devenski","HOU","0","1","14.73","4","0","0","0","0","0","1","3.2","21","7","6","6","1","3","0","0","0","0","5","12763"
"Brooks Kriske","NYY","0","0","14.73","4","0","0","0","0","0","0","3.2","22","3","6","6","1","7","0","0","2","0","8","21189"
"Nestor Cortes","SEA","0","1","15.26","5","1","0","0","0","0","0","7.2","44","12","14","13","6","6","0","2","0","0","8","17874"
"Kelvin Herrera","CHW","0","0","15.43","2","0","0","0","0","0","0","2.1","11","3","4","4","2","1","0","0","0","0","3","6033"
"Joe Mantiply","ARI","0","0","15.43","4","0","0","0","0","0","0","2.1","15","3","4","4","0","4","0","0","0","0","2","14857"
"Kyle Hart","BOS","0","1","15.55","4","3","0","0","0","0","0","11.0","67","24","21","19","4","10","0","0","0","1","13","19646"
"Dillon Peters","LAA","0","0","16.20","1","1","0","0","0","0","0","1.2","9","3","4","3","2","0","0","0","0","0","2","18790"
"James Norwood","CHC","0","0","16.20","3","0","0","0","0","0","0","1.2","9","4","3","3","0","1","0","0","1","0","0","16440"
"Mike Foltynewicz","ATL","0","1","16.20","1","1","0","0","0","0","0","3.1","16","4","6","6","3","4","0","0","0","0","3","10811"
"Antonio Santos","COL","0","1","16.50","3","1","0","0","0","0","0","6.0","35","14","11","11","1","4","0","2","0","0","4","20383"
"Seth Frankoff","SEA","0","0","16.87","2","0","0","0","0","0","0","2.2","16","6","5","5","0","2","0","0","0","0","0","11346"
"James Pazos","COL","0","0","16.88","6","0","0","0","0","0","0","5.1","29","10","10","10","3","5","0","0","0","0","1","13323"
"Cole Irvin","PHI","0","1","17.18","3","0","0","0","0","0","0","3.2","22","11","7","7","1","1","0","0","0","0","4","19244"
"Miguel Del Pozo","PIT","0","0","17.18","5","0","0","0","0","0","2","3.2","25","7","7","7","0","8","1","0","1","0","2","18792"
"Justin Grimm","MIL","0","0","17.36","4","0","0","0","0","0","0","4.2","27","9","9","9","4","4","0","0","0","0","6","11720"
"Jose De Leon","CIN","0","0","18.00","5","0","0","0","0","0","0","6.0","35","6","12","12","1","11","2","0","0","0","10","15463"
"Bryan Shaw","SEA","1","0","18.00","6","0","0","0","0","0","1","6.0","38","13","12","12","1","6","0","1","0","0","4","8110"
"Orlando Arcia","MIL","0","0","18.00","2","0","0","0","0","0","0","2.0","11","4","4","4","1","1","0","0","0","0","0","13185"
"Tim Lopes","SEA","0","0","18.00","1","0","0","0","0","0","0","1.0","6","2","2","2","0","1","0","0","0","0","0","14137"
"Dillon Maples","CHC","0","0","18.00","2","0","0","0","0","0","0","1.0","9","1","3","2","0","4","0","0","0","0","1","14672"
"Silvino Bracho","ARI","0","0","18.00","1","0","0","0","0","0","0","1.0","5","2","2","2","1","0","0","0","0","0","1","15051"
"Brad Wieck","CHC","0","0","18.00","1","0","0","0","0","0","0","1.0","5","1","2","2","1","1","0","0","0","0","2","16390"
"Jorge Guzman","MIA","0","0","18.00","1","0","0","0","0","0","0","1.0","7","2","2","2","2","1","0","1","0","0","0","17505"
"Junior Fernandez","STL","0","0","18.00","3","0","0","0","0","0","0","3.0","16","6","6","6","1","2","0","0","0","0","2","18496"
"Anthony Castro","DET","0","0","18.00","1","0","0","0","0","0","0","1.0","5","1","2","2","1","1","0","0","0","0","1","19789"
"Jesus Cruz","STL","0","0","18.00","1","0","0","0","0","0","0","1.0","7","3","2","2","0","1","0","0","0","0","2","20042"
"Jordan Yamamoto","MIA","0","1","18.26","4","3","0","0","0","0","0","11.1","67","27","24","23","8","7","0","0","0","0","13","17585"
"Matt Hall","BOS","0","3","18.69","4","1","0","0","0","0","0","8.2","54","17","18","18","2","10","0","1","0","0","9","18076"
"Alex Vesia","MIA","0","1","18.69","5","0","0","0","0","1","0","4.1","27","7","10","9","3","7","0","0","0","0","5","25007"
"Ranger Suarez","PHI","0","1","20.25","3","0","0","0","0","0","0","4.0","26","10","9","9","1","4","0","1","0","0","1","17277"
"Angel Perdomo","MIL","0","0","20.25","3","0","0","0","0","0","0","2.2","19","3","7","6","0","7","1","1","0","1","5","17759"
"Albert Abreu","NYY","0","1","20.25","2","0","0","0","0","0","0","1.1","11","4","4","3","1","2","0","1","0","0","2","17485"
"Joe Biagini","HOU","0","0","20.77","4","0","0","0","0","0","0","4.1","27","10","10","10","1","4","0","0","1","0","4","13194"
"Wade Davis","COL","0","1","20.77","5","0","0","0","2","0","1","4.1","25","9","10","10","3","3","1","0","2","0","3","7441"
"Robinson Leyer","BOS","0","0","21.21","6","1","0","0","0","1","0","4.2","34","12","11","11","3","8","0","0","0","0","9","14399"
"Tyler Lyons","NYY","0","0","21.60","1","0","0","0","0","0","0","1.2","10","3","4","4","0","1","0","1","0","0","0","11334"
"Daulton Jefferies","OAK","0","1","22.50","1","1","0","0","0","0","0","2.0","13","5","5","5","2","2","0","0","0","0","1","19345"
"Tommy Doyle","COL","0","0","23.14","3","0","0","0","0","0","0","2.1","17","6","6","6","0","4","0","0","0","0","2","21281"
"Tzu-Wei Lin","BOS","0","0","27.00","1","0","0","0","0","0","0","1.0","7","4","3","3","1","0","0","0","0","0","0","14678"
"Jose Peraza","BOS","0","0","27.00","1","0","0","0","0","0","0","0.1","3","2","1","1","0","0","0","0","0","0","0","13593"
"Patrick Weigel","ATL","0","0","27.00","1","0","0","0","0","0","0","0.2","7","2","2","2","0","3","0","0","1","0","0","17792"
"Paul Blackburn","OAK","0","1","27.00","1","1","0","0","0","0","0","2.1","14","5","7","7","0","2","0","0","1","0","2","14739"
"Michael Feliz","PIT","0","0","32.40","3","0","0","0","0","0","0","1.2","12","4","6","6","1","2","0","1","0","0","2","11903"
"Travis Demeritte","DET","0","0","36.00","1","0","0","0","0","0","0","1.0","7","4","4","4","2","0","0","0","0","0","0","15958"
"Phil Bickford","MIL","0","0","36.00","1","0","0","0","0","0","0","1.0","9","4","4","4","0","0","0","2","1","0","2","18519"
"Mauricio Llovera","PHI","0","0","36.00","1","0","0","0","0","0","0","1.0","10","5","4","4","0","1","0","1","0","0","1","20080"
"Shohei Ohtani","LAA","0","1","37.80","2","2","0","0","0","0","0","1.2","16","3","7","7","0","8","0","0","1","0","3","19755"
"Jose Suarez","LAA","0","2","38.57","2","2","0","0","0","0","0","2.1","23","10","10","10","1","5","0","1","1","0","2","19911"
"Juan Nicasio","TEX","0","0","40.50","2","0","0","0","0","0","0","1.1","11","5","6","6","1","2","0","0","0","0","1","7731"
"Drew Anderson","CHW","0","1","40.50","1","0","0","0","0","0","0","1.1","10","4","6","6","2","2","0","0","1","0","2","15130"
"Cody Carroll","BAL","0","0","54.00","3","0","0","0","0","0","0","2.0","21","9","12","12","0","5","0","1","2","0","3","17664"
"Matt Grace","ARI","0","1","54.00","3","0","0","0","0","0","0","1.0","10","5","6","6","1","2","0","0","0","0","2","11449"
"David McKay","DET","0","0","54.00","1","0","0","0","0","0","0","0.1","3","1","2","2","1","1","0","0","0","0","0","19814"
"Kyle Nelson","CLE","0","0","54.00","1","0","0","0","0","0","0","0.2","6","3","4","4","1","1","0","0","0","0","0","20515"
"Brailyn Marquez","CHC","0","0","67.50","1","0","0","0","0","0","0","0.2","7","2","5","5","0","3","0","0","2","0","1","21896"
"Roel Ramirez","STL","0","0","81.00","1","0","0","0","0","0","0","0.2","8","6","6","6","4","1","0","0","1","0","1","16470"
"Edwar Colina","MIN","0","0","81.00","1","0","0","0","0","0","0","0.1","7","4","3","3","1","2","0","0","0","0","0","20589"
