Name,OttoneuID,"FG MajorLeagueID","FG MinorLeagueID","MLB Org",Position(s),"Avg Salary","Median Salary","Min Salary","Max Salary","Last 10",Roster%
"Mike Trout",6305,10155,sa500736,LAA,OF,$69.75,$69.00,$45,$101,$65.00,48.955
"Mookie Betts",18276,13611,sa597889,LAD,2B/OF,$56.83,$57.00,$39,$88,$50.10,50.149
"Juan Soto",23717,20123,sa906282,WSN,OF,$54.70,$55.00,$9,$85,$57.40,91.94
"Bryce Harper",14982,11579,sa548033,PHI,OF,$54.18,$54.00,$37,$77,$53.90,88.358
"Ronald Acuña Jr.",23327,18401,sa877503,ATL,OF,$51.74,$52.00,$10,$76,$49.00,86.567
"Jacob DeGrom",14294,10954,sa548447,NYM,SP,$51.24,$51.00,$33,$75,$57.10,71.94
"Freddie Freeman",5680,5361,sa390291,FA,1B,$49.16,$50.00,$27,$69,$46.20,64.478
"Gerrit Cole",18116,13125,sa454389,NYY,SP,$47.24,$47.00,$28,$68,$47.70,83.582
"Fernando Tatis Jr.",23682,19709,sa919910,SDP,SS/OF,$44.90,$44.00,$12,$83,$52.80,94.03
"Trea Turner",18368,16252,sa599179,LAD,2B/SS,$44.45,$44.00,$19,$69,$42.90,91.642
"Max Scherzer",4514,3137,sa326473,NYM,SP,$42.24,$41.00,$25,$73,$41.30,77.015
"José  Ramírez",18284,13510,sa598784,CLE,3B,$41.90,$42.00,$15,$64,$43.50,91.94
"Christian Yelich",14893,11477,sa548190,MIL,OF,$40.63,$42.00,$19,$61,$30.50,13.731
"Vladimir Guerrero Jr.",18549,19611,sa920245,TOR,1B,$39.74,$40.00,$9,$73,$57.50,96.119
"Aaron Judge",18312,15640,sa549847,NYY,OF,$39.67,$40.00,$13,$59,$35.60,89.851
"Manny Machado",14934,11493,sa548155,SDP,3B,$39.62,$39.00,$23,$63,$38.80,58.209
"Edwin Encarnacion",4069,2151,sa199220,FA,Util,$39.00,$39.00,$39,$39,$1.10,0.299
"Alex Bregman",18480,17678,sa659419,HOU,3B,$38.13,$39.00,$9,$55,$36.70,37.612
"Shohei Ohtani",33600,19755,,LAA,Util/SP,$38.11,$38.00,$8,$71,$50.00,96.716
"Francisco Lindor",18122,12916,sa597754,NYM,SS,$37.17,$38.00,$10,$61,$32.50,39.104
"Xander Bogaerts",13117,12161,sa550735,BOS,SS,$35.65,$36.00,$20,$48,$34.40,82.09
"Walker Buehler",18504,19374,sa658292,LAD,SP,$35.64,$36.00,$11,$60,$39.00,88.358
"Yoenis Cespedes",18142,13110,sa631663,FA,Util,$35.00,$35.00,$35,$35,$1.70,0.299
"George Springer",18124,12856,sa526414,TOR,OF,$34.94,$35.00,$14,$50,$30.60,71.94
"Cody Bellinger",19328,15998,sa737794,LAD,OF,$34.74,$35.00,$16,$56,$29.10,24.478
"Nolan Arenado",12379,9777,sa500816,STL,3B,$34.03,$33.00,$15,$63,$29.30,49.552
"Trevor Story",18153,12564,sa597765,FA,SS,$33.62,$34.00,$18,$51,$27.60,42.687
"Corey Seager",18216,13624,sa657913,TEX,SS,$32.59,$33.00,$16,$57,$28.10,81.194
"Shane Bieber",23814,19427,sa873698,CLE,SP,$32.45,$31.00,$9,$62,$37.40,82.985
"Rafael Devers",18344,17350,sa828312,BOS,3B,$32.33,$33.00,$11,$55,$33.20,95.522
"Giancarlo Stanton",5201,4949,sa390316,NYY,OF,$31.45,$31.00,$15,$56,$33.60,64.478
"Clayton Kershaw",2925,2036,sa326468,FA,SP,$30.33,$30.00,$13,$64,$23.00,18.209
"Aaron Nola",18357,16149,sa599230,PHI,SP,$30.26,$30.00,$13,$46,$28.20,72.836
"Daniel Murphy",17636,4316,sa327744,FA,Util,$30.00,$30.00,$30,$30,$6.50,0.299
"J.D. Martinez",5903,6184,sa502044,BOS,OF,$28.52,$28.00,$17,$51,$26.60,71.045
"Carlos Correa",18160,14162,sa657850,FA,SS,$28.23,$28.00,$9,$56,$27.40,84.478
"Bo Bichette",23767,19612,sa917949,TOR,SS,$26.96,$27.00,$7,$47,$31.90,95.821
"Anthony Rendon",18120,12861,sa455515,LAA,3B,$26.71,$26.00,$12,$45,$24.30,39.701
"Ozzie Albies",18397,16556,sa830219,ATL,2B,$26.64,$26.00,$11,$42,$23.60,90.746
"Yordan Alvarez",23795,19556,sa943524,HOU,OF,$26.07,$26.00,$7,$47,$31.40,96.119
"Kris Bryant",18256,15429,sa549381,FA,1B/3B/OF,$25.62,$25.00,$11,$58,$26.80,70.448
"Pete Alonso",23859,19251,sa873981,NYM,1B,$25.50,$25.00,$7,$49,$31.10,94.627
"Jose Altuve",5918,5417,sa455591,HOU,2B,$25.02,$25.00,$9,$43,$25.10,88.358
"Paul Goldschmidt",4374,9218,sa501577,STL,1B,$24.73,$24.00,$10,$54,$19.60,82.687
"Jose Abreu",18286,15676,,CHW,1B,$24.18,$23.00,$6,$72,$17.90,62.388
"Blake Snell",18460,13543,sa597786,SDP,SP,$24.10,$23.00,$13,$48,$23.80,53.134
"Eloy Jimenez",21751,17484,sa830373,CHW,OF,$23.88,$24.00,$8,$43,$22.80,89.254
"Nick Castellanos",14914,11737,sa548164,FA,OF,$23.75,$24.00,$10,$40,$26.80,94.328
"Jeff Samardzija",1653,3254,sa326740,FA,RP,$23.00,$23.00,$23,$23,$1.60,0.299
"Yu Darvish",15556,13074,sa379610,SDP,SP,$22.92,$22.00,$9,$48,$20.20,54.627
"Jack Flaherty",20920,17479,sa828681,STL,SP,$22.51,$22.00,$9,$51,$23.60,75.821
"J.T. Realmuto",14864,11739,sa548255,PHI,C/1B,$22.46,$21.00,$12,$48,$19.60,70.448
"Kyle Tucker",18546,18345,sa874240,HOU,OF,$22.20,$21.00,$7,$50,$30.10,97.015
"Brandon Woodruff",23693,16162,sa597893,MIL,SP,$22.05,$21.00,$6,$45,$34.90,96.716
"Starling Marte",5025,9241,sa503030,NYM,OF,$22.04,$21.00,$5,$44,$15.90,84.478
"Adrian Beltre",15217,639,sa8183,FA,Util,$22.00,$22.00,$22,$22,$4.70,0.299
"Danny Salazar",5948,5867,sa456364,"CLE AAA",RP,$22.00,$22.00,$22,$22,$1.80,0.299
"Corbin Burnes",23813,19361,sa873673,MIL,SP,$21.91,$21.50,$4,$56,$39.60,97.313
"Trevor Bauer",18112,12703,sa597749,LAD,SP,$21.88,$20.00,$5,$49,$14.20,22.985
"Javier Baez",18123,12979,sa597757,DET,2B/SS,$21.74,$20.50,$6,$47,$16.70,62.687
"Zack Greinke",15274,1943,sa202781,FA,SP,$21.55,$22.00,$8,$38,$9.00,11.343
"Anthony Rizzo",4559,3473,sa390610,FA,1B,$21.55,$21.00,$8,$58,$16.60,20
"Matt Olson",18386,14344,sa657863,OAK,1B,$21.53,$22.00,$5,$41,$26.10,96.119
"Lucas Giolito",18195,15474,sa657908,CHW,SP,$21.36,$21.00,$7,$45,$23.10,84.776
"Adam Jones",1017,6368,sa244375,FA,OF,$21.00,$21.00,$21,$21,$2.60,0.299
"Dexter Fowler",2306,4062,sa268667,FA,OF,$21.00,$21.00,$21,$21,$1.50,0.299
"Brian Dozier",5782,9810,sa501587,FA,Util,$21.00,$21.00,$21,$21,$2.40,0.299
"Jose Berrios",18201,14168,sa657852,TOR,SP,$20.99,$21.00,$11,$38,$17.30,90.448
"Luis Robert",23780,20043,sa3003396,CHW,OF,$20.90,$20.00,$5,$45,$30.50,96.418
"Luis Castillo",23732,15689,sa657487,CIN,SP,$20.67,$20.00,$9,$43,$21.20,76.716
"Aroldis Chapman",5644,10233,sa523977,NYY,RP,$20.56,$21.00,$5,$34,$15.10,47.761
"Whit Merrifield",14694,11281,sa526882,KCR,2B/OF,$20.30,$20.00,$8,$40,$14.00,65.672
"Zack Wheeler",15962,10310,sa500722,PHI,SP,$20.17,$20.00,$9,$41,$26.90,96.418
"Gleyber Torres",18487,16997,sa830372,NYY,2B/SS,$20.04,$19.00,$9,$38,$16.70,33.433
"Ketel Marte",18466,13613,sa597026,ARI,2B/OF,$20.01,$19.00,$6,$48,$24.50,92.836
"Eric Thames",5119,3711,sa454785,OAK,Util,$20.00,$20.00,$20,$20,$2.30,0.299
"Yoan Moncada",18425,17232,sa864590,CHW,3B,$19.49,$19.00,$6,$32,$16.00,54.328
"Michael Conforto",18365,16376,sa709038,FA,OF,$19.32,$19.00,$8,$30,$18.20,32.836
"Wander Samuel Franco",23848,23667,sa3007033,TBR,SS/3B,$19.28,$19.00,$5,$45,$25.90,97.015
"Joey Gallo",18188,14128,sa657856,NYY,OF,$19.24,$19.00,$9,$39,$21.50,76.119
"Rhys Hoskins",20350,16472,sa827179,PHI,1B,$19.20,$20.00,$7,$31,$15.80,73.134
"Max Muncy",18255,13301,sa503373,LAD,1B/2B,$19.11,$19.00,$7,$36,$25.80,80.896
"Gio Gonzalez",1292,7448,sa253557,FA,RP,$19.00,$19.00,$19,$19,$1.70,0.299
"Dee Strange-Gordon",17855,8203,sa454527,"WSN AAA",SS,$19.00,$19.00,$19,$19,$4.60,0.299
"Marcus Semien",18263,12533,sa546772,TEX,2B/SS,$18.84,$19.00,$3,$31,$24.60,96.418
"Josh Hader",18391,14212,sa658473,MIL,RP,$18.74,$18.00,$11,$37,$21.10,90.746
"Masahiro Tanaka",18294,15764,sa491207,FA,RP,$18.50,$18.50,$18,$19,$1.90,0.597
"Nelson Cruz",4511,2434,sa201363,FA,Util,$18.37,$18.00,$6,$35,$17.40,27.164
"Charlie Blackmon",8259,7859,sa454446,COL,OF,$18.07,$17.00,$6,$34,$13.10,13.134
"Julio Urias",18240,14765,sa736324,LAD,SP,$18.04,$18.00,$8,$37,$22.10,97.313
"Evan Gattis",14194,11003,sa549669,FA,Util,$18.00,$18.00,$18,$18,$1.60,0.299
"Chris Sale",14393,10603,sa392121,BOS,SP,$17.92,$17.00,$6,$48,$16.90,92.239
"Edwin Diaz",23601,14710,sa657938,NYM,RP,$17.76,$17.00,$6,$34,$13.70,82.687
"DJ LeMahieu",4953,9874,sa500845,NYY,1B/2B/3B,$17.68,$17.00,$7,$46,$18.80,47.761
"Phil Hughes",685,7450,sa254323,FA,RP,$17.00,$17.00,$17,$17,$2.00,0.299
"Ryan Braun",726,3410,sa291154,FA,Util,$17.00,$17.00,$17,$17,$1.70,0.299
"Max Fried",18164,13743,sa657860,ATL,SP,$16.86,$16.50,$7,$36,$14.00,95.522
"Tyler Glasnow",18236,14374,sa597835,TBR,SP,$16.78,$16.00,$4,$43,$11.10,38.507
"Charlie Morton",1427,4676,sa202429,ATL,SP,$16.75,$16.00,$6,$31,$16.20,92.537
"Noah Syndergaard",14402,11762,sa548169,LAA,SP/RP,$16.53,$16.00,$5,$44,$13.30,63.881
"Stephen Strasburg",5219,10131,sa500543,WSN,SP,$16.28,$15.00,$4,$53,$15.40,23.284
"Austin Meadows",18281,15672,sa737440,TBR,OF,$16.18,$16.00,$9,$34,$16.20,71.343
"Kyle Schwarber",18347,16478,sa709545,FA,1B/OF,$16.13,$16.00,$1,$30,$14.20,91.343
"Tim Anderson",18306,15172,sa737508,CHW,SS,$16.01,$15.00,$6,$35,$16.10,92.239
"Matt Chapman",18378,16505,sa828672,OAK,3B,$15.98,$16.00,$6,$32,$12.60,37.313
"Kyle Hendricks",18334,12049,sa577809,CHC,SP,$15.38,$15.00,$7,$29,$7.20,11.045
"Kenta Maeda",23583,18498,sa379502,MIN,SP,$15.36,$15.00,$6,$25,$6.80,6.567
"Willson Contreras",12398,11609,sa508176,CHC,C,$15.08,$15.00,$6,$35,$10.80,57.91
"Randy Arozarena",23840,19290,sa914549,TBR,OF,$15.03,$15.00,$4,$33,$17.50,87.463
"Domingo Santana",5866,10348,sa503853,FA,Util,$15.00,$15.00,$15,$15,$2.70,0.299
"Michael Brantley",2803,4106,sa290204,HOU,OF,$14.98,$15.00,$5,$28,$11.00,44.478
"Austin Riley",22674,18360,sa874756,ATL,1B/3B,$14.92,$15.00,$5,$34,$19.00,97.313
"Raisel Iglesias",18422,17130,sa830702,LAA,RP,$14.89,$15.00,$5,$34,$10.80,86.866
"Eugenio Suarez",9668,12552,sa505033,CIN,SS/3B,$14.76,$13.00,$7,$31,$11.00,29.851
"Brandon Lowe",31741,18882,sa874181,TBR,2B/OF,$14.67,$14.00,$5,$29,$15.10,96.418
"Yasmani Grandal",14882,11368,sa392198,CHW,C/1B,$14.60,$14.00,$5,$34,$11.80,89.552
"Byron Buxton",18163,14161,sa657851,MIN,OF,$14.44,$14.00,$3,$31,$17.40,97.313
"Carlos Carrasco",1735,6632,sa254892,NYM,SP,$14.19,$13.00,$5,$29,$9.00,9.254
"Franmil Reyes",30128,14566,sa657490,CLE,OF,$14.17,$13.00,$3,$31,$17.20,93.731
"Cody Allen",18205,12183,sa549216,"MIN AAA",RP,$14.00,$14.00,$14,$14,$2.50,0.299
"Kenley Jansen",2916,3096,sa295200,FA,RP,$13.52,$12.00,$3,$34,$11.00,53.731
"Joe Musgrove",18462,12970,sa597766,SDP,SP,$13.35,$13.00,$6,$31,$18.10,95.821
"Jesse Winker",18239,13590,sa657865,CIN,OF,$13.27,$13.00,$4,$35,$23.10,97.313
"Justin Turner",3013,5235,sa326827,LAD,3B,$13.14,$12.00,$3,$32,$14.00,62.388
"Patrick Corbin",8520,9323,sa500846,WSN,SP,$13.14,$12.00,$3,$32,$3.00,8.657
"Hyun Jin Ryu",18210,14444,sa722329,TOR,SP,$13.01,$12.00,$6,$25,$14.30,43.582
"Bruce Zimmermann",26912,20370,sa3004810,BAL,SP,$13.00,$13.00,$13,$13,$3.20,0.299
"Steven Souza Jr.",5828,5667,sa389680,"LAD AAA",OF,$13.00,$13.00,$13,$13,$1.60,0.299
"Luis Severino",18355,15890,sa657781,NYY,RP,$12.98,$12.00,$3,$29,$10.90,82.388
"Max Kepler",14131,12144,sa549507,MIN,OF,$12.91,$13.00,$3,$31,$9.30,30.149
"Adalberto Mondesi",18218,13769,sa659237,KCR,SS/3B,$12.84,$11.00,$3,$33,$8.60,67.463
"Mike Moustakas",7624,4892,sa388370,CIN,1B/3B,$12.79,$13.00,$2,$23,$5.90,8.358
"Sonny Gray",18113,12768,sa455516,CIN,SP,$12.74,$12.00,$4,$28,$11.00,64.179
"Liam Hendriks",5778,3548,sa393300,CHW,RP,$12.72,$12.00,$5,$27,$16.30,94.328
"Alex Verdugo",18408,17027,sa828699,BOS,OF,$12.67,$12.00,$5,$27,$12.60,86.567
"Will Smith",23654,19197,sa873265,LAD,C,$12.65,$12.00,$5,$27,$17.00,96.418
"Josh Donaldson",5418,5038,sa389798,MIN,3B,$12.61,$12.00,$3,$27,$10.20,54.925
"Brad Hand",5010,9111,sa454426,FA,RP,$12.61,$12.50,$5,$21,$6.30,8.358
"Luke Voit",23799,14811,sa502753,NYY,1B,$12.59,$12.50,$5,$26,$10.50,26.866
"Sandy Alcantara",20732,18684,sa828383,MIA,SP,$12.50,$12.00,$5,$29,$18.80,97.313
"Salvador Perez",8626,7304,sa392995,KCR,C,$12.46,$12.00,$4,$40,$19.10,96.418
"Josh Bell",18152,13145,sa597768,WSN,1B/OF,$12.43,$12.00,$4,$25,$12.70,86.269
"Lance Lynn",5591,2520,sa454404,CHW,SP,$12.40,$12.00,$6,$29,$17.00,94.328
"Zac Gallen",23779,19291,sa857550,ARI,SP,$12.18,$12.00,$3,$31,$12.20,78.806
"Lance McCullers Jr.",18228,14120,sa657858,HOU,SP,$12.13,$12.00,$3,$28,$10.50,91.343
"Kevin Gausman",18196,14107,sa548347,TOR,SP,$12.11,$12.00,$3,$28,$19.80,95.224
"Justin Smoak",5434,9054,sa454366,FA,Util,$12.00,$12.00,$12,$12,$2.80,0.299
"Julio Teheran",5750,6797,sa394370,FA,RP,$12.00,$12.00,$12,$12,$1.40,0.299
"Mallex Smith",18485,13608,sa599039,"TOR AAA",OF,$12.00,$12.00,$12,$12,$1.10,0.299
"Dillon Tate",18482,17796,sa874239,BAL,RP,$12.00,$12.00,$3,$21,$1.50,0.597
"Chase Anderson",5943,6895,sa501567,"TEX AAA",SP/RP,$12.00,$12.00,$12,$12,$1.10,0.299
"Jeff Mcneil",18644,15362,sa709024,NYM,2B/OF,$11.73,$11.00,$7,$35,$8.90,21.791
"Teoscar Hernandez",23651,13066,sa596861,TOR,OF,$11.57,$11.00,$4,$28,$19.20,97.015
"Chris Paddack",22766,20099,sa875195,SDP,SP,$11.35,$10.00,$4,$24,$8.40,25.075
"German Marquez",23688,15038,sa656016,COL,SP,$11.34,$11.00,$1,$23,$6.90,56.418
"Jorge Soler",18162,14221,sa658226,FA,OF,$11.31,$11.00,$4,$21,$9.00,71.94
"Tommy Pham",4322,2967,sa327986,FA,OF,$11.25,$11.50,$3,$21,$5.50,14.328
"Dinelson Lamet",21952,17186,sa843182,SDP,SP/RP,$11.20,$11.00,$4,$22,$8.30,30.448
"Trey Mancini",18626,15149,sa708967,BAL,1B,$11.11,$11.00,$3,$20,$9.50,55.821
"Lourdes Gurriel Jr.",23722,19238,sa908697,TOR,1B/OF,$11.04,$11.00,$5,$22,$8.80,80.299
"Brad Brach",4814,6627,sa455297,FA,RP,$11.00,$11.00,$11,$11,$2.60,0.299
"Jose Martinez",7590,7996,sa380012,"NYM AAA",Util,$11.00,$11.00,$9,$13,$2.20,0.597
"Jay Bruce",1840,9892,sa290133,FA,1B,$11.00,$11.00,$11,$11,$1.70,0.299
"Todd Frazier",5641,785,sa389301,FA,Util,$11.00,$11.00,$11,$11,$1.10,0.299
"Chris Devenski",23604,12763,sa599312,ARI,RP,$11.00,$11.00,$11,$11,$1.40,0.299
"Felipe Vazquez",9643,12076,sa505018,PIT,RP,$11.00,$11.00,$11,$11,$4.00,0.299
"Ian Desmond",2062,6885,sa253269,COL,OF,$11.00,$11.00,$11,$11,$4.60,0.299
"Jhonathan Diaz",20815,20298,sa828483,LAA,SP/RP,$11.00,$11.00,$11,$11,$2.50,0.299
"Eddie Rosario",14135,12155,sa548299,FA,OF,$10.97,$11.00,$2,$23,$5.40,32.239
"Cavan Biggio",23737,19252,sa738582,TOR,3B/OF,$10.94,$10.00,$5,$27,$6.80,30.149
"Ryan Pressly",5735,7005,sa390190,HOU,RP,$10.92,$10.00,$4,$32,$10.60,88.657
"Cedric Mullins",22616,17929,sa873639,BAL,OF,$10.85,$11.00,$3,$27,$12.00,96.119
"Gary Sanchez",14078,11442,sa549555,NYY,C,$10.67,$10.00,$3,$29,$7.00,24.478
"Victor Robles",18516,18363,sa828409,"WSN AAA",OF,$10.64,$11.00,$4,$25,$4.40,6.567
"Didi Gregorius",16490,6012,sa456349,PHI,SS,$10.58,$10.00,$3,$24,$3.60,7.164
"Brandon Nimmo",18126,12927,sa597760,NYM,OF,$10.57,$11.00,$3,$26,$6.60,78.507
"Mitch Haniger",18356,14274,sa502733,SEA,OF,$10.56,$10.00,$3,$27,$10.70,94.03
"Marcell Ozuna",6130,10324,sa503013,ATL,OF,$10.53,$9.00,$3,$52,$8.50,35.224
"Frankie Montas",13126,14309,sa551258,OAK,SP,$10.50,$10.00,$3,$22,$9.90,95.224
"Trent Grisham",18547,18564,sa874246,SDP,OF,$10.41,$10.00,$3,$23,$15.30,83.284
"Ramon Laureano",21200,17128,sa829185,OAK,OF,$10.37,$10.00,$4,$22,$8.90,52.836
"Trevor Cahill",4107,6249,sa326540,FA,SP,$10.33,$9.00,$3,$19,$1.20,0.896
"Dansby Swanson",18506,18314,sa659260,ATL,SS,$10.31,$10.00,$4,$24,$8.10,83.881
"Eduardo Rodriguez",13335,13164,sa548722,DET,SP,$10.27,$10.00,$3,$24,$6.90,81.493
"Mike Soroka",22668,18383,sa874715,ATL,RP,$10.25,$9.00,$3,$28,$6.50,39.104
"Marcus Stroman",18184,13431,sa501969,CHC,SP,$10.22,$10.00,$3,$29,$8.70,84.478
"Freddy Peralta",19168,18679,sa737343,MIL,SP,$10.22,$10.00,$3,$31,$16.40,97.015
"Matt Carpenter",4672,8090,sa501744,FA,1B/2B,$10.20,$5.00,$3,$32,$1.30,1.493
"Robbie Ray",14941,11486,sa549085,SEA,SP,$10.08,$10.00,$3,$38,$12.60,96.418
"Gavin Lux",32576,19955,sa917933,LAD,2B/SS/OF,$10.03,$9.50,$3,$23,$7.70,66.269
"Craig Kimbrel",5677,6655,sa454499,CHW,RP,$10.00,$10.00,$3,$25,$8.90,68.358
"Matt Kemp",3745,5631,sa244013,FA,Util,$10.00,$10.00,$10,$10,$1.10,0.299
"Hunter Strickland",8257,7836,sa392092,FA,RP,$10.00,$10.00,$10,$10,$1.20,0.299
"Rick Porcello",7519,2717,sa389909,FA,RP,$10.00,$10.00,$10,$10,$1.90,0.299
"Brandon Morrow",7509,9346,sa326466,FA,RP,$10.00,$10.00,$10,$10,$1.30,0.299
"Sixto Sanchez",22611,19680,sa873550,MIA,RP,$9.98,$9.00,$3,$22,$7.60,59.403
"Joc Pederson",14895,11899,sa549081,FA,OF,$9.96,$9.00,$3,$19,$5.50,13.433
"Jesus Luzardo",23741,19959,sa917981,MIA,SP/RP,$9.95,$9.00,$3,$22,$6.90,37.612
"Corey Kluber",6965,2429,sa390385,TBR,SP,$9.91,$9.00,$3,$43,$5.70,29.552
"Ian Anderson",23650,19951,sa917921,ATL,SP,$9.91,$9.00,$3,$28,$12.00,91.045
"Andrew Benintendi",18491,17901,sa738659,KCR,OF,$9.87,$9.00,$4,$29,$7.20,47.463
"Michael Kopech",18493,17282,sa828680,CHW,RP,$9.87,$10.00,$3,$22,$10.90,95.224
"Bryan Reynolds",23825,19326,sa873683,PIT,OF,$9.73,$9.00,$3,$25,$11.70,96.716
"Spencer Torkelson",38320,,sa3014504,"DET AAA",1B/3B,$9.65,$9.00,$1,$27,$12.20,95.224
"Framber Valdez",22426,17295,sa873146,HOU,SP,$9.61,$9.00,$3,$20,$10.40,93.731
"Will Smith",16675,8048,sa454956,ATL,RP,$9.60,$9.00,$2,$21,$4.50,73.731
"Jorge Polanco",13217,13152,sa548087,MIN,2B/SS,$9.58,$9.00,$3,$25,$10.40,94.925
"Jo Adell",23792,20220,sa3004837,LAA,OF,$9.57,$10.00,$3,$23,$6.70,77.91
"Jake Cronenworth",22004,18036,sa857694,SDP,1B/2B/SS,$9.54,$9.00,$3,$23,$11.70,95.821
"Dallas Keuchel",4782,9434,sa501517,CHW,SP,$9.53,$8.00,$3,$29,$2.90,8.955
"Mike Clevinger",23576,12808,sa597956,SDP,RP,$9.43,$8.00,$3,$24,$10.80,88.06
"Andrew McCutchen",3435,9847,sa290131,FA,OF,$9.40,$9.00,$3,$34,$6.60,17.015
"Mike Yastrzemski",18383,14854,sa503161,SFG,OF,$9.36,$9.00,$4,$17,$6.70,44.478
"Jose Quintana",10626,11423,sa505541,PIT,SP/RP,$9.25,$6.00,$3,$24,$1.30,2.388
"Dylan Carlson",32580,20126,sa917940,STL,OF,$9.24,$9.00,$3,$21,$10.40,90.746
"Kyle Lewis",23621,19508,sa857836,SEA,OF,$9.23,$9.00,$3,$19,$6.40,53.433
"Paul Dejong",21601,18015,sa829829,STL,SS,$9.21,$8.50,$3,$19,$3.10,8.358
"Tommy Edman",31703,19470,sa873704,STL,2B/OF,$9.18,$9.00,$3,$18,$6.30,66.269
"Jarred Kelenic",33617,22558,sa3007741,SEA,OF,$9.18,$8.00,$3,$26,$10.40,91.343
"Zach Plesac",31701,19979,sa873700,CLE,SP,$9.11,$8.00,$3,$20,$5.90,31.343
"Ian Happ",18479,17919,sa827194,CHC,OF,$9.11,$8.00,$3,$21,$6.60,73.433
"Dustin May",32611,19716,sa917992,LAD,SP,$9.10,$9.00,$3,$20,$7.50,74.925
"Miguel Sano",13310,12164,sa548088,MIN,1B,$9.10,$8.00,$3,$30,$6.80,33.433
"Keston Hiura",23806,20003,sa3004043,MIL,1B/2B,$9.06,$8.00,$4,$30,$4.70,10.746
"Logan Morrison",2581,9205,sa326123,"CIN AAA",Util,$9.00,$9.00,$9,$9,$1.90,0.299
"Anibal Sanchez",3988,3284,sa226473,FA,RP,$9.00,$9.00,$9,$9,$4.60,0.299
"Jake Faria",18492,13699,sa598097,FA,SP/RP,$9.00,$9.00,$9,$9,$2.50,0.299
"Cole Hamels",15286,4972,sa202810,FA,RP,$9.00,$9.00,$9,$9,$1.20,0.299
"Carl Edwards Jr.",18275,13607,sa602909,"TOR CPX",RP,$9.00,$9.00,$9,$9,$1.10,0.299
"Albert Pujols",8741,1177,,FA,1B,$9.00,$9.00,$9,$9,$1.30,0.299
"Adam Conley",18316,14457,sa597781,FA,RP,$9.00,$9.00,$9,$9,$1.50,0.299
"Junior Guerra",8191,5702,sa244150,FA,RP,$9.00,$9.00,$9,$9,$1.00,0.299
"Jake Arrieta",5706,4153,sa389721,FA,SP,$9.00,$3.00,$3,$31,$1.80,1.493
"Jedd Gyorko",13731,10816,sa526816,FA,Util,$9.00,$9.00,$9,$9,$1.40,0.299
"Ervin Santana",7035,3200,sa200938,FA,RP,$9.00,$9.00,$9,$9,$1.60,0.299
"Billy Hamilton",11967,10199,sa500815,FA,OF,$9.00,$9.00,$9,$9,$2.10,0.299
"David Robertson",2499,8241,sa328019,FA,RP,$9.00,$9.00,$9,$9,$1.20,0.299
"Anthony Swarzak",3247,7466,sa254147,FA,RP,$9.00,$9.00,$9,$9,$1.90,0.299
"Daniel Mengden",20991,16980,sa828805,FA,RP,$9.00,$9.00,$9,$9,$1.60,0.299
"Jonathan Lucroy",5188,7870,sa389306,FA,C,$9.00,$9.00,$9,$9,$1.30,0.299
"Tanner Roark",8697,8753,sa454939,"ATL AAA",RP,$9.00,$9.00,$9,$9,$2.40,0.299
"CC Sabathia",15519,404,sa8700,FA,RP,$9.00,$9.00,$9,$9,$1.60,0.299
"Ender Inciarte",5931,4922,sa503287,"NYY AAA",OF,$9.00,$9.00,$9,$9,$1.60,0.299
"Matt Davidson",5936,7226,sa500767,"LAD AAA",1B,$9.00,$9.00,$9,$9,$1.70,0.299
"Felix Hernandez",15214,4772,sa244302,FA,RP,$9.00,$9.00,$9,$9,$1.70,0.299
"Arodys Vizcaino",5751,5498,sa455896,"NYM AAA",RP,$9.00,$9.00,$9,$9,$1.80,0.299
"Kevin Plawecki",18343,13807,sa621652,BOS,C,$9.00,$9.00,$9,$9,$1.00,0.299
"Josh Lindblom",17724,7882,sa454435,"MIL AAA",SP/RP,$9.00,$9.00,$9,$9,$1.20,0.299
"Pablo Lopez",18786,17085,sa736473,MIA,SP,$8.94,$8.00,$3,$22,$15.20,95.522
"Casey Mize",33616,20492,sa3008444,DET,SP,$8.89,$9.00,$3,$18,$7.40,73.731
"Aaron Civale",31750,19479,sa874216,CLE,SP,$8.88,$8.00,$1,$20,$5.90,41.791
"Devin Williams",19268,15816,sa737560,MIL,RP,$8.71,$9.00,$3,$20,$7.70,82.687
"Adley Rutschman",37257,,sa3011643,"BAL AAA",C/1B,$8.71,$9.00,$1,$18,$8.90,95.821
"Andrew Vaughn",37469,26197,sa3011226,CHW,1B/OF,$8.70,$8.00,$3,$21,$9.80,88.955
"Ke'Bryan Hayes",18548,18577,sa874730,PIT,3B,$8.70,$8.00,$3,$28,$10.80,84.776
"Triston Mckenzie",22675,18000,sa874760,CLE,SP,$8.58,$8.00,$4,$25,$8.40,79.701
"Jose Urquidy",23453,18413,sa879512,HOU,SP,$8.51,$8.00,$3,$19,$8.00,64.179
"Kevin Newman",18508,17696,sa827183,PIT,2B/SS,$8.50,$8.50,$7,$10,$1.60,0.597
"Jean Segura",6307,5933,sa455922,PHI,2B,$8.45,$8.00,$2,$23,$6.60,62.985
"Ryan McMahon",18328,15112,sa737539,COL,2B/3B,$8.36,$8.00,$3,$17,$10.60,86.269
"James Karinchak",31930,20151,sa915662,CLE,RP,$8.35,$8.00,$4,$21,$5.10,35.224
"Robinson Cano",9215,3269,sa200602,NYM,Util,$8.33,$4.00,$3,$31,$1.60,1.791
"Nomar Mazara",18387,14553,sa659453,FA,OF,$8.33,$3.00,$3,$19,$1.50,0.896
"Dylan Cease",21052,18525,sa829000,CHW,SP,$8.26,$8.00,$3,$23,$11.50,96.716
"Logan Webb",21015,17995,sa828873,SFG,SP,$8.21,$8.00,$3,$33,$15.40,97.313
"Taylor Rogers",23675,13449,sa503168,MIN,RP,$8.18,$8.00,$3,$20,$6.00,69.552
"Jared Walsh",20347,18607,sa827173,LAA,1B/OF,$8.16,$8.00,$3,$24,$13.00,96.418
"Zack Britton",5209,3240,sa326674,NYY,RP,$8.16,$8.00,$3,$18,$2.30,7.463
"Alec Bohm",33609,21618,sa3007284,PHI,3B,$8.16,$7.00,$3,$21,$6.30,40.299
"Nick Senzel",23623,19293,sa873264,"CIN AAA",2B/OF,$8.10,$8.00,$2,$16,$4.40,20.896
"Jonathan India",33619,21523,sa3008178,CIN,2B,$8.08,$8.00,$3,$26,$8.50,96.716
"Sean Manaea",18257,15873,sa709610,OAK,SP,$8.07,$8.00,$3,$18,$8.20,87.761
"Wil Myers",8563,10047,sa501214,SDP,OF,$8.04,$7.00,$2,$28,$3.30,24.478
"Ryan Mountcastle",22670,18373,sa874734,BAL,1B/OF,$8.03,$8.00,$1,$19,$7.50,95.224
"Andrew Heaney",18190,15423,sa502204,LAD,SP/RP,$8.03,$8.00,$4,$15,$3.80,10.448
"Matt Albers",513,4300,sa202157,FA,RP,$8.00,$8.00,$8,$8,$1.20,0.299
"Tyler White",18540,15564,sa738482,"TOR AAA",1B,$8.00,$8.00,$8,$8,$1.50,0.299
"Hector Rondon",2766,2391,sa328585,BOS,RP,$8.00,$8.00,$8,$8,$1.80,0.299
"Luiz Gohara",18279,15166,sa723875,"ATL AAA",RP,$8.00,$8.00,$7,$9,$2.60,0.597
"Leonys Martin",18106,11846,sa491182,FA,OF,$8.00,$8.00,$8,$8,$1.90,0.299
"Ian Kinsler",7126,6195,sa226315,FA,2B,$8.00,$8.00,$8,$8,$1.20,0.299
"Khris Davis",6246,9112,sa328428,FA,Util,$8.00,$7.50,$3,$15,$2.00,1.791
"David Hernandez",1771,4259,sa295160,"NYY AAA",RP,$8.00,$8.00,$8,$8,$1.80,0.299
"Jerry Blevins",1661,7841,sa253974,NYM,RP,$8.00,$8.00,$8,$8,$1.10,0.299
"Scooter Gennett",6242,10339,sa501939,FA,Util,$8.00,$8.00,$8,$8,$1.70,0.299
"Ben Zobrist",4083,7435,sa253735,FA,Util,$8.00,$8.00,$8,$8,$1.80,0.299
"Victor Reyes",30041,15487,sa657236,DET,OF,$8.00,$8.00,$3,$13,$1.20,0.597
"Yangervis Solarte",4931,5352,sa393004,"MIA AAA",Util,$8.00,$8.00,$8,$8,$1.70,0.299
"Mike Leake",12609,10130,sa326846,FA,SP,$8.00,$8.00,$8,$8,$1.20,0.299
"Daniel Espinoza",39776,,sa3016255,"SFG DSL",RP,$8.00,$8.00,$8,$8,$8.00,0.299
"Carlos Gonzalez",1342,7287,sa244091,FA,Util,$8.00,$8.00,$8,$8,$2.10,0.299
"Marco Estrada",2658,1118,sa291479,"OAK AAA",RP,$8.00,$8.00,$8,$8,$1.30,0.299
"Michel Baez",23852,20100,sa968132,SDP,RP,$8.00,$8.00,$8,$8,$1.20,0.299
"Brian McCann",9446,4810,sa202311,FA,C,$8.00,$8.00,$8,$8,$1.70,0.299
"Fernando Romero",23700,15885,sa657418,MIN,RP,$8.00,$8.00,$8,$8,$1.60,0.299
"Hanley Ramirez",12652,8001,sa201879,CLE,Util,$8.00,$8.00,$8,$8,$1.20,0.299
"Alex Reyes",18299,15015,sa739551,STL,RP,$7.90,$7.00,$3,$21,$6.50,65.075
"Willy Adames",18407,15986,sa736655,MIL,SS,$7.86,$7.00,$3,$22,$8.10,95.224
"Joey Lucchesi",32593,19320,sa917967,NYM,SP,$7.86,$10.00,$3,$11,$1.40,2.09
"Bobby Witt Jr.",36668,,sa3011225,"KCR AAA",SS,$7.84,$7.00,$1,$27,$6.40,94.03
"Roberto Osuna",18197,13764,sa594306,FA,RP,$7.80,$8.00,$3,$13,$1.30,1.493
"Ty France",23201,17982,sa876140,SEA,1B/2B/3B,$7.78,$7.00,$3,$19,$7.90,95.522
"Giovanny Gallegos",31173,14986,sa659493,STL,RP,$7.76,$7.00,$3,$18,$8.90,89.254
"Nick Solak",23653,19294,sa874054,TEX,2B,$7.74,$7.00,$3,$18,$3.60,12.836
"Sean Murphy",31687,19352,sa873680,OAK,C,$7.72,$7.00,$3,$19,$5.10,34.627
"Nate Pearson",27059,20160,sa3005097,TOR,SP/RP,$7.72,$7.00,$2,$18,$5.00,52.836
"Gio Urshela",10002,10681,sa505997,NYY,SS/3B,$7.70,$7.00,$3,$17,$3.60,25.672
"Travis Shaw",18531,11982,sa578040,FA,1B/3B,$7.67,$4.00,$3,$16,$1.50,0.896
"Carlos Santana",2933,2396,sa295203,KCR,1B,$7.65,$6.00,$3,$27,$4.40,11.94
"Carlos Rodon",18359,16137,sa598286,FA,SP,$7.65,$7.00,$3,$28,$13.40,95.224
"Mark Canha",14852,11445,sa526811,NYM,OF,$7.63,$7.00,$3,$22,$8.10,65.075
"Archie Bradley",18121,12918,sa597753,FA,RP,$7.63,$7.00,$3,$15,$2.80,5.672
"Alex Kirilloff",23689,20325,sa917929,MIN,1B/OF,$7.63,$7.00,$3,$16,$7.40,90.448
"Tyler Mahle",19422,16358,sa737914,CIN,SP,$7.61,$7.00,$3,$17,$7.10,88.955
"Matt Barnes",18130,12863,sa526376,BOS,RP,$7.59,$8.00,$3,$15,$4.90,56.119
"Trevor Rogers",33607,22286,sa3005423,MIA,SP,$7.58,$7.00,$3,$26,$15.20,97.015
"Tyler O'Neill",19296,15711,sa737633,STL,OF,$7.55,$7.00,$3,$25,$12.40,95.821
"Francisco Cervelli",2176,5275,sa294320,MIA,Util,$7.50,$7.50,$6,$9,$2.10,0.597
"Sean Newcomb",18459,16943,sa709548,"ATL AAA",RP,$7.50,$6.50,$3,$14,$1.20,1.194
"J.D. Davis",18544,16219,sa597900,NYM,3B,$7.49,$8.00,$3,$14,$5.90,11.642
"Dominic Smith",18300,15653,sa737502,NYM,1B/OF,$7.41,$6.00,$3,$24,$5.70,18.209
"A.J. Puk",23660,19343,sa738675,"OAK AAA",SP/RP,$7.37,$7.00,$3,$14,$2.80,17.612
"Brendan Rodgers",18476,17907,sa874238,COL,2B/SS,$7.35,$7.00,$3,$20,$8.60,93.134
"Jameson Taillon",14906,11674,sa548151,NYY,SP,$7.34,$7.00,$3,$16,$3.50,30.448
"Nick Madrigal",33618,20521,sa3008139,CHC,2B,$7.33,$7.00,$3,$15,$7.50,57.313
"Christian Vazquez",5723,9774,sa455056,BOS,C,$7.31,$7.00,$3,$13,$2.10,15.224
"C.J. Cron",18109,12546,sa577718,COL,1B,$7.30,$7.00,$3,$20,$6.00,89.851
"AJ Pollock",12258,9256,sa500728,LAD,OF,$7.30,$7.00,$3,$21,$5.00,72.537
"Mike Foltynewicz",14272,10811,sa548185,FA,SP,$7.29,$7.00,$3,$14,$1.00,2.09
"Julio Rodriguez",33625,,sa3005720,"SEA AA",OF,$7.27,$7.00,$1,$18,$7.40,92.537
"Brian Anderson",23758,18289,sa599204,MIA,3B,$7.22,$7.00,$3,$19,$2.30,11.045
"David Dahl",18165,13744,sa657861,"MIL AAA",OF,$7.17,$6.50,$3,$14,$1.90,3.582
"Nathan Eovaldi",9335,9132,sa455169,BOS,SP,$7.10,$7.00,$3,$16,$6.70,94.925
"Zach Davies",18554,13183,sa599267,FA,SP,$7.07,$7.00,$3,$13,$2.30,4.179
"Tarik Skubal",35204,22267,sa3007593,DET,SP,$7.06,$7.00,$3,$18,$6.10,80.597
"Blake Parker",5582,5224,sa327889,FA,RP,$7.00,$7.00,$3,$11,$1.30,1.493
"Addison Reed",13922,10586,sa548229,"MIN AAA",RP,$7.00,$7.00,$7,$7,$2.00,0.299
"Jeurys Familia",4637,5114,sa456027,FA,RP,$7.00,$7.00,$5,$9,$1.40,0.597
"Dellin Betances",6446,6216,sa327052,"NYM AAA",RP,$7.00,$5.50,$3,$17,$2.00,2.388
"Domingo Tapia",13248,12178,sa547834,KCR,RP,$7.00,$7.00,$7,$7,$2.00,0.299
"Bailey Falter",22725,20070,sa875033,PHI,SP/RP,$7.00,$7.00,$7,$7,$1.70,0.299
"Bartolo Colon",1980,375,sa7913,FA,RP,$7.00,$7.00,$7,$7,$1.20,0.299
"Chad Pinder",18633,15191,sa708990,OAK,2B/OF,$7.00,$7.00,$7,$7,$1.40,0.299
"Shin-Soo Choo",3372,3174,sa199996,FA,Util,$7.00,$7.00,$3,$11,$3.70,0.597
"Franklin Barreto",18320,15519,sa739765,FA,Util,$7.00,$9.00,$3,$9,$1.10,0.896
"Bryan Garcia",31719,19457,sa873996,DET,RP,$7.00,$7.00,$7,$7,$2.20,0.299
"Bud Norris",2541,9492,sa326798,FA,RP,$7.00,$7.00,$7,$7,$2.30,0.299
"Yasiel Puig",18181,14225,sa659910,FA,OF,$7.00,$6.50,$2,$13,$1.50,1.194
"Jose Leclerc",23764,14524,sa597170,TEX,RP,$7.00,$5.00,$3,$18,$2.70,4.776
"Kevin Pillar",18429,12434,sa578870,FA,OF,$7.00,$7.00,$7,$7,$1.60,0.299
"Ryan Madson",4166,1852,sa184121,FA,RP,$7.00,$7.00,$7,$7,$2.80,0.299
"Matt Harvey",18101,11713,sa390378,FA,SP,$7.00,$7.00,$3,$11,$1.00,0.597
"Diego Castillo",20234,17496,sa822882,SEA,RP,$6.95,$7.00,$3,$12,$3.90,37.91
"Joey Bart",33613,21524,sa3007786,"SFG AAA",C,$6.95,$7.00,$1,$15,$4.20,77.612
"Alek Manoah",37807,26410,sa3011725,TOR,SP,$6.93,$6.00,$1,$22,$9.90,96.716
"Tony Gonsolin",32712,19388,sa918175,LAD,SP,$6.93,$7.00,$3,$15,$4.90,54.03
"Miguel Cabrera",9054,1744,,DET,1B,$6.90,$3.00,$3,$28,$1.10,2.985
"Dylan Bundy",18118,12917,sa597750,MIN,SP,$6.89,$7.00,$3,$13,$2.10,5.672
"Christian Walker",18389,13419,sa503826,ARI,1B,$6.88,$6.00,$3,$10,$2.40,5.075
"Chris Bassitt",18398,12304,sa598294,OAK,SP,$6.88,$7.00,$3,$16,$7.50,95.224
"Scott Kingery",18509,17975,sa857705,"PHI AAA",Util,$6.88,$4.50,$3,$16,$2.10,2.388
"Chris Taylor",18341,13757,sa621666,LAD,2B/SS/3B/OF,$6.87,$6.00,$3,$17,$8.00,92.537
"Shane McClanahan",33647,21483,sa3008547,TBR,SP,$6.86,$6.00,$3,$24,$11.30,95.522
"MacKenzie Gore",23810,,sa3005068,"SDP CPX",SP,$6.81,$6.00,$2,$16,$5.60,57.015
"Rougned Odor",18158,12282,sa598341,BAL,2B/3B,$6.80,$3.00,$3,$14,$1.10,1.493
"Drew Pomeranz",18095,11426,sa390654,SDP,RP,$6.78,$7.00,$3,$16,$3.30,17.91
"Starlin Castro",5267,4579,sa455874,FA,3B,$6.78,$6.00,$3,$14,$2.20,2.687
"Mitch Keller",20936,17594,sa828700,PIT,SP,$6.78,$7.00,$3,$14,$9.90,10.746
"Luis Patino",25735,22815,sa3002792,TBR,SP,$6.77,$6.00,$3,$13,$5.10,81.493
"Cristian Javier",22694,17606,sa874816,HOU,SP/RP,$6.77,$6.00,$3,$16,$6.40,58.806
"Garrett Crochet",38312,27463,,CHW,RP,$6.75,$6.00,$3,$15,$3.40,61.194
"Daniel Vogelbach",18192,14130,sa597778,FA,1B,$6.75,$7.00,$3,$10,$2.10,1.194
"David Fletcher",22045,17992,sa858824,LAA,2B/SS,$6.73,$7.00,$3,$14,$2.70,23.284
"Huascar Ynoa",22573,20468,sa873433,ATL,SP,$6.73,$7.00,$3,$14,$4.70,80
"Adam Eaton",13936,11205,sa549405,FA,OF,$6.73,$5.00,$3,$21,$1.80,3.284
"Kole Calhoun",14565,11200,sa546813,TEX,OF,$6.70,$6.00,$3,$19,$2.00,5.97
"Nick Anderson",28104,18337,sa578957,TBR,RP,$6.68,$7.00,$3,$13,$4.30,14.03
"Nick Ahmed",18352,12147,sa577767,ARI,SS,$6.67,$7.00,$6,$7,$2.20,0.896
"Stephen Piscotty",18285,13367,sa503644,OAK,OF,$6.67,$5.00,$3,$15,$2.00,1.791
"Mitch Garver",23845,15161,sa578988,MIN,C,$6.60,$7.00,$3,$14,$4.20,62.09
"Luis Arraez",20545,18568,sa828153,MIN,2B/3B/OF,$6.56,$7.00,$3,$14,$4.90,47.463
"Clint Frazier",18246,15983,sa737437,"CHC AA",OF,$6.53,$6.00,$4,$12,$3.00,8.955
"David Price",7968,3184,sa388363,LAD,SP/RP,$6.53,$5.00,$3,$32,$2.60,5.672
"David Peralta",9058,2136,sa329170,ARI,OF,$6.52,$5.00,$3,$20,$3.00,12.537
"James Paxton",18110,11828,sa500770,BOS,RP,$6.51,$5.00,$3,$27,$2.60,12.836
"Cody Poteet",30855,18769,sa658640,"MIA AAA",SP,$6.50,$6.50,$5,$8,$1.70,0.597
"Trevor Richards",23761,19309,sa922230,TOR,RP,$6.50,$6.50,$3,$10,$1.50,0.597
"Jon Lester",2486,4930,sa202761,FA,SP,$6.50,$3.00,$3,$28,$10.20,2.388
"Trevor Rosenthal",12358,10745,sa502050,FA,RP,$6.45,$5.00,$3,$13,$2.20,6.567
"Jorge Alfaro",13479,12180,sa551307,SDP,C/OF,$6.45,$5.00,$3,$15,$1.70,3.284
"Emmanuel Clase",22568,21032,sa873427,CLE,RP,$6.43,$6.00,$3,$19,$7.80,95.821
"Jake Bauers",18522,15194,sa737848,CIN,1B/OF,$6.40,$5.00,$3,$12,$1.20,1.493
"Joe Jimenez",20103,15761,sa740519,DET,RP,$6.40,$6.00,$3,$9,$2.00,1.493
"Trevor Williams",18608,16977,sa708217,NYM,SP/RP,$6.40,$7.00,$3,$9,$1.30,1.493
"Shane Baz",23794,22264,sa3004765,TBR,SP/RP,$6.40,$6.00,$1,$27,$5.30,94.925
"Alex Colomé",6195,6661,sa456064,FA,RP,$6.38,$5.00,$3,$13,$2.30,8.657
"Aaron Sanchez",14401,11490,sa548178,FA,SP,$6.33,$4.00,$3,$17,$1.30,1.791
"Pedro Baez",4879,5420,sa392144,"HOU AAA",RP,$6.33,$7.00,$5,$7,$1.20,0.896
"Joey Votto",1107,4314,sa201517,CIN,1B,$6.31,$5.00,$3,$63,$8.00,91.343
"Blake Treinen",18414,12572,sa549672,LAD,RP,$6.26,$6.00,$3,$16,$4.30,86.567
"Hunter Dozier",18277,15117,sa737439,KCR,1B/3B/OF,$6.25,$6.00,$3,$12,$2.80,8.358
"Jordan Romano",21170,16122,sa829155,TOR,RP,$6.25,$6.00,$3,$24,$4.30,90.746
"Brandon Belt",8651,10264,sa327177,SFG,1B,$6.23,$5.00,$3,$24,$4.70,85.075
"Marco Gonzales",18337,15467,sa549836,SEA,SP,$6.22,$5.00,$3,$12,$5.70,18.806
"Anthony Santander",23856,14551,sa659463,BAL,OF,$6.19,$6.00,$3,$15,$4.70,35.522
"Randal Grichuk",6320,10243,sa500734,TOR,OF,$6.17,$5.00,$3,$14,$3.00,19.104
"Elvis Andrus",2347,8709,sa291792,OAK,SS,$6.14,$5.00,$3,$16,$1.90,2.09
"Aaron Bummer",29222,16258,sa599349,CHW,RP,$6.12,$6.00,$3,$11,$3.50,48.06
"James McCann",18424,12859,sa577015,NYM,C/1B,$6.12,$5.00,$3,$13,$2.10,7.761
"Jack Leiter",40155,,,,Util,$6.09,$6.00,$1,$14,$4.90,53.134
"Chris Archer",4959,6345,sa326752,FA,SP,$6.07,$4.00,$3,$25,$1.60,4.179
"Rafael Montero",18198,12760,sa597041,HOU,RP,$6.07,$5.00,$3,$10,$1.90,4.478
"Amir Garrett",23566,14375,sa599236,CIN,RP,$6.05,$7.00,$3,$9,$2.20,6.269
"Jake Odorizzi",6232,6397,sa454394,HOU,SP,$6.03,$5.00,$3,$11,$3.20,8.955
"Pete Fairbanks",20435,17998,sa827454,TBR,RP,$6.03,$6.00,$3,$14,$2.90,45.373
"Deivi Garcia",32067,20276,sa916944,"NYY AAA",SP/RP,$6.03,$6.00,$3,$9,$2.30,9.552
"Luke Weaver",18380,16918,sa599729,ARI,SP,$6.03,$4.00,$3,$18,$2.00,10.746
"Kurt Suzuki",1051,8259,sa262428,FA,C,$6.00,$7.00,$3,$9,$1.50,1.493
"Mike Tauchman",19369,15274,sa737856,"SFG AAA",OF,$6.00,$6.00,$3,$9,$2.00,0.597
"Dylan Moore",22757,18042,sa875186,SEA,2B/3B/OF,$6.00,$6.00,$1,$14,$2.30,6.567
"Will Harris",4176,3192,sa327058,WSN,RP,$6.00,$6.00,$3,$10,$1.40,2.09
"Jake Lamb",18346,13329,sa503242,FA,3B/OF,$6.00,$3.00,$3,$12,$1.20,0.896
"Tony Wolters",14908,11470,sa548197,"LAD AAA",C,$6.00,$6.00,$6,$6,$1.10,0.299
"Josh Reddick",4222,3892,sa328018,"ARI AAA",OF,$6.00,$6.00,$3,$9,$1.10,0.597
"Jakob Junis",23787,13619,sa602414,FA,SP/RP,$6.00,$6.00,$3,$9,$1.60,0.597
"John Means",29666,16269,sa602859,BAL,SP,$6.00,$6.00,$3,$14,$4.30,67.164
"Mitch Moreland",15559,3086,sa390306,FA,1B,$6.00,$6.00,$3,$9,$1.20,0.597
"Jason Heyward",7549,4940,sa388409,CHC,OF,$6.00,$5.00,$3,$10,$1.80,0.896
"Ryan Borucki",23855,16350,sa658266,"TOR AAA",RP,$6.00,$6.00,$3,$9,$1.60,0.597
"Trey Wingenter",31043,17793,sa659030,"CIN CPX",RP,$6.00,$6.00,$6,$6,$1.60,0.299
"Buster Posey",5663,9166,sa454353,FA,C,$6.00,$4.00,$3,$23,$5.50,5.97
"Hanser Alberto",13277,11902,sa551306,FA,2B/SS/3B,$6.00,$6.00,$6,$6,$1.70,0.299
"Francis Martes",18523,17303,sa736839,"HOU CPX",RP,$6.00,$6.00,$6,$6,$1.70,0.299
"Jose Urena",9840,11589,sa506871,FA,SP/RP,$6.00,$6.00,$3,$9,$1.80,0.597
"Taylor Williams",19327,14899,sa737785,FA,RP,$6.00,$6.00,$3,$9,$1.30,0.597
"Brusdar Graterol",22524,20367,sa873310,LAD,RP,$5.98,$6.00,$3,$12,$2.20,37.91
"Kyle Finnegan",18619,15009,sa708446,WSN,RP,$5.98,$5.00,$3,$17,$2.90,17.015
"Zach Eflin",23612,13774,sa657853,"PHI AA",SP,$5.97,$6.00,$3,$15,$2.80,19.104
"Isiah Kiner-Falefa",19368,16512,sa737855,TEX,SS,$5.96,$5.00,$1,$16,$2.50,26.866
"Nate Lowe",32765,19566,sa918283,TEX,1B,$5.95,$6.00,$3,$12,$5.40,79.403
"Mike Minor",5147,10021,sa327725,KCR,SP,$5.95,$5.00,$3,$15,$2.00,12.537
"Carter Kieboom",23771,19958,sa917937,WSN,3B,$5.93,$6.00,$3,$13,$3.50,22.388
"Jordan Hicks",23864,19618,sa875019,"STL AAA",RP,$5.93,$5.00,$3,$11,$3.50,32.537
"Alejandro Kirk",27207,22581,sa3005337,TOR,C,$5.92,$6.00,$3,$14,$4.80,71.045
"Jeimer Candelario",23582,13621,sa596954,DET,3B,$5.92,$5.00,$3,$15,$3.20,76.119
"Brady Singer",33620,25377,sa3008613,KCR,SP,$5.91,$5.00,$3,$16,$3.60,31.343
"Cristian Pache",32027,19948,sa916722,"ATL AAA",OF,$5.89,$6.00,$3,$12,$1.70,26.269
"Daulton Varsho",23833,19918,sa3002838,ARI,C/OF,$5.88,$6.00,$3,$14,$6.10,91.343
"Eric Hosmer",8631,3516,sa454349,SDP,1B,$5.87,$5.00,$3,$16,$2.80,11.642
"Miles Mikolas",6106,9803,sa501497,STL,SP,$5.83,$4.00,$3,$15,$1.20,6.866
"Jazz Chisholm",23762,20454,sa919327,MIA,2B/SS,$5.82,$6.00,$3,$14,$7.60,94.925
"Caleb Smith",19849,14875,sa738884,ARI,SP/RP,$5.82,$4.00,$3,$12,$2.10,6.567
"Willi Castro",21708,17338,sa830274,DET,2B/SS/OF,$5.81,$6.00,$3,$9,$2.00,4.776
"Matt Manning",23712,20369,sa917924,DET,SP,$5.79,$6.00,$1,$14,$3.60,53.433
"Hector Neris",13080,11804,sa550523,HOU,RP,$5.79,$6.00,$3,$12,$2.80,22.388
"Camilo Doval",32051,21992,sa916835,SFG,RP,$5.76,$5.00,$3,$17,$5.10,42.388
"Spencer Howard",26964,23252,sa3004923,TEX,SP,$5.76,$6.00,$3,$10,$2.90,17.313
"Austin Nola",28021,15941,sa577789,SDP,C,$5.76,$5.00,$3,$12,$2.70,11.045
"Brad Keller",19378,15734,sa737865,KCR,SP,$5.71,$5.00,$3,$13,$1.60,6.269
"Lou Trivino",19445,15043,sa737939,OAK,RP,$5.70,$5.00,$3,$15,$3.40,51.343
"Sean Doolittle",6718,1581,sa389914,FA,RP,$5.69,$5.00,$3,$14,$1.30,3.881
"Eduardo Escobar",4585,6153,sa455635,NYM,1B/2B/3B,$5.69,$5.00,$3,$16,$5.00,72.239
"Shogo Akiyama",38108,27461,,CIN,OF,$5.67,$5.00,$5,$7,$1.90,0.896
"Billy McKinney",18436,15654,sa737528,"LAD AAA",1B/OF,$5.67,$3.00,$3,$11,$1.10,0.896
"Mark Melancon",3096,4264,sa327089,ARI,RP,$5.65,$5.00,$3,$17,$5.40,80
"Bobby Dalbec",23755,19966,sa857701,BOS,1B/3B,$5.64,$5.00,$1,$14,$3.70,70.448
"Austin Hays",23805,19363,sa874219,BAL,OF,$5.64,$5.00,$3,$14,$4.30,68.358
"Justin Verlander",15261,8700,sa277705,FA,RP,$5.64,$5.00,$3,$26,$7.10,91.343
"Gregory Polanco",10505,12907,sa507194,"TOR AAA",OF,$5.64,$4.00,$3,$15,$1.20,3.284
"Corey Dickerson",13999,10762,sa502420,FA,OF,$5.61,$4.00,$3,$11,$1.70,5.373
"Andres Gimenez",23705,19950,sa917114,CLE,2B/SS,$5.61,$5.00,$3,$14,$1.20,13.731
"Tejay Antone",30764,16233,sa658534,CIN,RP,$5.61,$5.00,$3,$9,$2.80,9.851
"Tom Murphy",18450,13499,sa657946,SEA,C,$5.60,$6.00,$3,$7,$1.50,1.493
"Renato Nunez",18353,14503,sa596834,"DET AAA",1B,$5.60,$5.00,$5,$7,$2.30,1.493
"Madison Bumgarner",5671,5524,sa388396,ARI,SP,$5.59,$4.00,$1,$34,$3.50,14.627
"Justus Sheffield",20919,17285,sa828678,"SEA AAA",SP/RP,$5.58,$5.00,$3,$9,$2.60,5.672
"Yuli Gurriel",23678,19198,sa817365,HOU,1B,$5.57,$5.00,$3,$18,$4.20,74.03
"Ha-seong Kim",38127,27506,sa3011918,SDP,2B/SS/3B,$5.57,$5.00,$3,$12,$2.40,6.269
"Kyle Seager",4885,9785,sa501199,FA,3B,$5.56,$5.00,$3,$24,$2.70,9.552
"Griffin Canning",33604,19867,sa829807,"LAA AAA",SP,$5.56,$5.00,$3,$10,$2.80,5.373
"Lewis Brinson",18178,14352,sa657923,MIA,OF,$5.56,$5.00,$3,$11,$3.00,2.687
"Daniel Bard",1626,7115,sa326498,COL,RP,$5.53,$5.00,$3,$15,$1.70,8.955
"Spencer Turnbull",20454,16207,sa827481,DET,SP,$5.52,$5.00,$3,$12,$2.70,17.313
"Travis d'Arnaud",4980,7739,sa389876,ATL,C,$5.51,$5.00,$3,$15,$3.10,33.134
"Anthony Bass",4817,7982,sa454615,MIA,RP,$5.50,$4.50,$3,$12,$1.80,2.985
"Tyler Chatwood",4742,4338,sa456036,FA,RP,$5.50,$3.00,$3,$19,$2.20,2.388
"Robert Stephenson",18135,13594,sa597792,COL,RP,$5.50,$5.50,$3,$8,$1.10,0.597
"Chris Martin",18455,11847,sa596330,FA,RP,$5.50,$5.00,$3,$11,$2.10,4.776
"Corbin Martin",31944,19884,sa915704,"ARI AAA",SP/RP,$5.50,$5.50,$4,$7,$2.10,0.597
"Cody Stashak",22949,18088,sa875608,MIN,RP,$5.50,$5.50,$5,$6,$1.10,0.597
"Marwin Gonzalez",4961,5497,sa329201,FA,1B/2B/SS/3B/OF,$5.50,$4.00,$3,$15,$1.10,3.582
"Jake Diekman",5863,5003,sa392235,FA,RP,$5.49,$5.00,$3,$11,$2.10,11.045
"Seth Lugo",23701,12447,sa599698,NYM,RP,$5.48,$4.00,$3,$18,$2.00,20.597
"Logan Gilbert",33682,22250,sa3008598,SEA,SP,$5.48,$5.00,$3,$13,$5.40,95.224
"Keibert Ruiz",22219,19610,sa872528,WSN,C,$5.43,$5.00,$3,$17,$4.80,86.567
"J.A. Happ",3120,7410,sa253985,FA,SP,$5.43,$3.00,$3,$12,$2.50,2.09
"Adolis García",23745,19287,sa908695,TEX,OF,$5.41,$5.00,$3,$15,$3.00,70.448
"Yusei Kikuchi",33656,20633,,SEA,SP,$5.41,$5.00,$3,$10,$3.50,17.612
"Trevor May",4395,6398,sa454536,NYM,RP,$5.41,$5.00,$3,$12,$2.60,27.164
"Tony Watson",16011,3132,sa327785,FA,RP,$5.40,$3.00,$3,$9,$1.10,1.493
"Jalen Beeks",20427,17192,sa827439,TBR,RP,$5.40,$4.00,$3,$10,$1.80,1.493
"Michael Chavis",18379,17321,sa828673,PIT,1B/2B,$5.40,$7.00,$3,$7,$1.40,1.493
"Raimel Tapia",18289,14350,sa597078,COL,OF,$5.39,$5.00,$3,$19,$2.00,36.418
"Jordan Montgomery",21017,16511,sa828875,NYY,SP,$5.39,$5.00,$3,$12,$4.30,84.478
"Kyle Freeland",18363,16256,sa599746,COL,SP,$5.39,$5.00,$3,$13,$1.80,5.373
"Ryan Yarbrough",19747,16502,sa738545,TBR,SP/RP,$5.39,$5.00,$3,$13,$3.70,14.627
"Luis Garcia",27115,23735,sa3005197,HOU,SP,$5.39,$5.00,$3,$14,$4.80,95.224
"Aaron Hicks",5770,5297,sa454371,NYY,OF,$5.36,$4.00,$3,$13,$2.10,9.851
"Michael Pineda",5134,5372,sa447669,FA,SP,$5.35,$5.00,$3,$11,$2.50,10.149
"Vidal Brujan",22330,20536,sa872786,"TBR AAA",2B/OF,$5.35,$5.00,$1,$13,$4.80,80.896
"Adam Ottavino",2014,1247,sa326503,FA,RP,$5.35,$5.00,$3,$12,$3.10,20.597
"Jesus Sanchez",22331,19913,sa872787,MIA,OF,$5.33,$5.00,$3,$14,$4.40,83.881
"Blake Taylor",19266,16418,sa737558,HOU,RP,$5.33,$5.00,$5,$6,$2.40,0.896
"Evan White",23798,20078,sa915774,"SEA AAA",1B,$5.33,$5.00,$3,$12,$1.40,2.687
"Jackie Bradley Jr.",18154,12984,sa526248,BOS,OF,$5.33,$4.00,$3,$9,$1.60,0.896
"Dane Dunning",23726,19409,sa738926,TEX,SP,$5.32,$5.00,$3,$14,$3.40,26.269
"Garrett Richards",6308,9784,sa500789,FA,SP/RP,$5.32,$5.00,$3,$16,$1.50,5.672
"Akil Baddoo",32586,22168,sa917953,DET,OF,$5.30,$5.00,$2,$15,$4.50,79.701
"Joe Barlow",33197,22296,sa919113,TEX,RP,$5.30,$5.00,$3,$15,$2.30,57.313
"Kirby Yates",6175,9073,sa505235,ATL,RP,$5.29,$4.00,$3,$16,$1.70,10.448
"Brent Lee Honeywell Jr",18561,16466,sa828706,"OAK AAA",SP/RP,$5.28,$5.00,$3,$12,$1.70,14.03
"Joe Ryan",35196,21390,sa3007584,MIN,SP,$5.27,$5.00,$1,$13,$6.60,82.985
"Josh Staumont",21978,18335,sa857581,KCR,RP,$5.26,$5.00,$3,$11,$2.30,39.403
"Jake McGee",2219,7550,sa253298,SFG,RP,$5.26,$5.00,$3,$14,$4.40,68.955
"Carlos Martinez",12896,11682,sa547784,FA,SP,$5.25,$3.50,$3,$24,$2.00,4.776
"Andrelton Simmons",14200,10847,sa548266,FA,SS,$5.25,$3.50,$3,$10,$2.10,2.388
"Richard Rodriguez",13110,13549,sa548063,FA,RP,$5.22,$5.00,$3,$15,$3.90,10.746
"Sam Hilliard",21476,17954,sa829542,COL,OF,$5.20,$4.00,$3,$11,$1.70,7.463
"Garrett Hampson",31424,19262,sa738479,COL,2B/OF,$5.19,$5.00,$1,$14,$2.50,21.791
"Luis Urias",20827,16622,sa828496,MIL,2B/SS/3B,$5.19,$4.00,$3,$15,$3.70,87.463
"Andrew Miller",2191,6785,sa326467,FA,RP,$5.14,$5.00,$3,$10,$1.80,2.09
"John Gant",23569,13684,sa599212,FA,SP/RP,$5.13,$4.00,$3,$9,$5.50,2.388
"Miguel Andujar",23720,15878,sa659185,"NYY AAA",OF,$5.12,$3.00,$3,$16,$1.70,5.075
"Kwang Hyun Kim",38109,27458,,FA,SP/RP,$5.11,$5.00,$3,$10,$2.70,8.358
"Elieser Hernandez",30602,16933,sa658203,MIA,SP,$5.09,$5.00,$3,$10,$2.10,32.537
"Patrick Wisdom",23766,13602,sa657868,CHC,1B/3B/OF,$5.09,$5.00,$3,$12,$3.90,39.403
"Alex Wood",18221,13781,sa621049,SFG,SP,$5.09,$5.00,$3,$14,$4.90,83.881
"Julian Merryweather",21346,16703,sa829363,TOR,RP,$5.06,$5.00,$3,$11,$2.00,9.254
"Taijuan Walker",14646,11836,sa548165,NYM,SP,$5.01,$5.00,$3,$19,$2.80,30.746
"Sam Haggerty",22041,18054,sa858804,SEA,OF,$5.00,$5.00,$3,$7,$1.60,0.597
"Tim Lincecum",935,5705,sa326472,"TEX AAA",RP,$5.00,$5.00,$5,$5,$1.20,0.299
"Justin Bour",5807,9744,sa502196,"SFG AAA",1B,$5.00,$5.00,$2,$8,$1.50,0.597
"Mychal Givens",12845,10430,sa500805,FA,RP,$5.00,$4.00,$3,$9,$2.10,4.179
"Jeremy Jeffress",4276,9490,sa326478,FA,RP,$5.00,$5.00,$5,$5,$1.90,0.299
"Wade Davis",2226,7441,sa254328,FA,RP,$5.00,$3.00,$3,$11,$1.40,1.493
"Taylor Widener",32756,19266,sa918271,ARI,SP/RP,$5.00,$5.00,$3,$7,$1.30,0.896
"Michael Stefanic",35785,,sa3008479,"LAA AAA",2B/3B,$5.00,$6.00,$3,$6,$3.25,0.896
"Matt Strahm",23691,13799,sa658557,FA,RP,$5.00,$5.00,$5,$5,$1.30,0.299
"Ross Stripling",23598,13273,sa598259,TOR,SP/RP,$5.00,$3.00,$3,$13,$1.90,3.582
"Isaac Paredes",23831,20036,sa920275,DET,2B/3B,$5.00,$5.00,$3,$7,$1.60,2.687
"Pat Valaika",18632,14885,sa708988,FA,2B/SS,$5.00,$5.00,$5,$5,$1.10,0.299
"Reese McGuire",18295,15674,sa737505,TOR,C,$5.00,$5.00,$5,$5,$1.20,0.299
"Jahmai Jones",22689,18872,sa874807,BAL,2B,$5.00,$5.00,$3,$7,$1.10,0.597
"Oliver Perez",9744,1514,sa167996,CLE,RP,$5.00,$5.00,$5,$5,$1.30,0.299
"Nick Nelson",31534,20153,sa829552,"PHI AAA",SP/RP,$5.00,$5.00,$5,$5,$1.20,0.299
"Jose Marmolejos",28880,15767,sa598311,"SEA AAA",1B/OF,$5.00,$5.00,$5,$5,$1.10,0.299
"Felix Pena",10205,13403,sa506724,"LAA AAA",SP/RP,$5.00,$5.00,$5,$5,$2.10,0.299
"Josh Sborz",20449,18323,sa827472,TEX,RP,$5.00,$5.00,$5,$5,$1.50,0.597
"Derek Holland",5441,4141,sa328248,FA,RP,$5.00,$5.00,$5,$5,$2.00,0.299
"Tucupita Marcano",25790,22871,sa3002857,"PIT AAA",2B/OF,$5.00,$5.00,$5,$5,$2.00,0.299
"Ben Gamel",14899,12160,sa548493,PIT,OF,$5.00,$5.00,$5,$5,$1.20,0.299
"Michael Baumann",31553,20206,sa829681,BAL,SP/RP,$5.00,$5.00,$5,$5,$1.60,0.299
"Tyler Ivey",26748,20237,sa3004574,"HOU CPX",RP,$5.00,$5.00,$5,$5,$1.17,0.299
"Zach Reks",26496,19667,sa3004166,"TEX AAA",OF,$5.00,$5.00,$5,$5,$1.75,0.299
"Jordan Yamamoto",21087,17585,sa829040,"NYM CPX",SP/RP,$5.00,$5.00,$5,$5,$1.40,0.299
"Carson Fulmer",18488,18311,sa658272,"LAD AAA",RP,$5.00,$3.00,$3,$9,$1.00,0.896
"Hunter Renfroe",18258,15464,sa549860,MIL,OF,$4.99,$4.00,$3,$23,$5.20,89.851
"Tommy La Stella",18274,12371,sa598119,SFG,2B/3B,$4.96,$5.00,$3,$9,$2.10,8.358
"Ranger Suarez",31194,17277,sa659551,PHI,SP/RP,$4.94,$4.00,$3,$14,$7.20,91.94
"Danny Jansen",19481,16535,sa738162,TOR,C,$4.93,$4.00,$1,$12,$1.40,8.955
"Chad Green",23643,15552,sa550041,NYY,RP,$4.93,$5.00,$3,$12,$2.10,53.134
"Reynaldo Lopez",18415,16400,sa696415,CHW,SP/RP,$4.92,$4.00,$3,$12,$2.10,14.925
"Adrian Morejon",23672,20039,sa969093,SDP,RP,$4.91,$5.00,$3,$8,$1.20,6.866
"Domingo German",13063,17149,sa548637,NYY,SP,$4.89,$4.00,$3,$13,$2.30,21.791
"Emilio Pagan",19394,14771,sa737885,SDP,RP,$4.89,$5.00,$3,$9,$2.30,8.06
"Greg Holland",5534,7196,sa389859,FA,RP,$4.88,$5.00,$3,$10,$2.20,5.075
"Brendan McKay",23816,20186,sa829698,"TBR CPX",SP/RP,$4.88,$4.00,$2,$16,$2.90,12.239
"Tanner Houck",23811,19879,sa829037,BOS,SP/RP,$4.87,$4.00,$3,$18,$4.20,91.94
"Tyler Duffey",18530,13758,sa621630,MIN,RP,$4.86,$5.00,$3,$12,$1.40,14.627
"Drew Smyly",18146,11760,sa548264,FA,SP/RP,$4.86,$5.00,$3,$9,$2.10,4.179
"Matthew Boyd",18465,15440,sa621603,FA,SP,$4.85,$4.00,$3,$11,$1.90,11.94
"Frank Schwindel",19496,15351,sa738182,CHC,1B,$4.84,$4.00,$3,$13,$3.60,63.881
"Darwinzon Hernandez",20683,19848,sa828318,BOS,RP,$4.83,$5.00,$3,$10,$1.40,3.582
"Touki Toussaint",18370,16929,sa828666,"ATL AAA",SP,$4.83,$4.00,$3,$13,$2.30,8.955
"Brett Gardner",1244,9927,sa291262,FA,OF,$4.83,$4.00,$3,$9,$1.50,1.791
"Dakota Hudson",23707,19206,sa738673,STL,SP/RP,$4.82,$4.00,$3,$12,$2.30,16.716
"Keone Kela",18432,14696,sa602412,FA,RP,$4.78,$4.00,$3,$9,$1.30,2.687
"Cal Quantrill",23629,19312,sa738477,CLE,SP/RP,$4.77,$4.00,$3,$12,$4.20,68.06
"Zach Thompson",29679,16094,sa602893,PIT,SP/RP,$4.77,$4.00,$1,$13,$2.60,14.03
"Marco Luciano",33646,,sa3010022,"SFG A+",SS,$4.76,$5.00,$1,$12,$5.00,77.313
"Taylor Trammell",23750,19960,sa917943,"SEA AAA",OF,$4.76,$5.00,$1,$9,$1.50,21.493
"Josh Rojas",31853,19734,sa913302,ARI,2B/SS/3B/OF,$4.76,$4.00,$3,$11,$3.50,52.239
"Willians Astudillo",9535,15608,sa504866,FA,C/1B/3B,$4.75,$3.50,$2,$9,$1.30,2.388
"Austin Barnes",18410,12158,sa578958,LAD,C,$4.75,$4.00,$3,$9,$1.20,2.388
"Oneil Cruz",32291,21711,sa917318,PIT,SS,$4.74,$4.00,$1,$18,$4.30,75.224
"Josh James",21551,16794,sa829673,"HOU AAA",RP,$4.71,$4.00,$3,$10,$1.20,2.09
"Kendall Graveman",18409,15514,sa621489,CHW,RP,$4.71,$4.00,$3,$9,$2.40,45.672
"Josiah Gray",33683,24580,sa3007475,WSN,SP,$4.71,$4.00,$1,$15,$4.20,82.388
"Yermin Mercedes",28469,17423,sa597096,"CHW AAA",Util,$4.71,$4.00,$3,$8,$2.30,5.075
"Abraham Toro",32630,19844,sa918020,SEA,2B/3B,$4.70,$4.00,$3,$22,$4.00,31.343
"Evan Marshall",18426,12297,sa597833,"CHW AAA",RP,$4.70,$3.50,$3,$9,$2.20,2.985
"Joakim Soria",15273,6941,sa202799,FA,RP,$4.70,$4.50,$3,$8,$2.80,2.985
"Enrique Hernandez",11508,10472,sa501542,BOS,2B/OF,$4.70,$4.00,$3,$13,$3.30,88.358
"Anthony Desclafani",18419,13050,sa455459,SFG,SP,$4.70,$4.00,$3,$13,$5.00,84.776
"Jasson Dominguez",37635,,sa3014696,"NYY A",OF,$4.68,$4.00,$2,$15,$4.70,65.373
"Lorenzo Cain",1692,9077,sa285710,MIL,OF,$4.68,$3.00,$3,$14,$1.40,9.254
"Justin Wilson",5053,4301,sa454547,CIN,RP,$4.67,$5.00,$3,$6,$1.50,0.896
"J.B. Wendelken",30624,14506,sa658247,ARI,RP,$4.67,$4.00,$3,$8,$1.30,1.791
"Scott Oberg",23778,13911,sa526291,COL,RP,$4.67,$5.00,$2,$7,$1.90,0.896
"Joe Kelly",6292,9761,sa501235,FA,RP,$4.67,$4.00,$3,$9,$1.20,1.791
"Josh Lowe",23752,19953,sa917926,"TBR AAA",OF,$4.66,$4.00,$1,$15,$3.70,74.03
"Nico Hoerner",33627,21479,sa3007867,CHC,2B/SS,$4.65,$4.00,$3,$11,$2.40,42.388
"Brandon Crawford",5071,5343,sa454517,SFG,SS,$4.63,$4.00,$3,$10,$4.30,89.851
"Reid Detmers",38328,27468,sa3014425,LAA,SP,$4.63,$4.00,$3,$10,$2.90,57.313
"Bryse Wilson",32589,19990,sa917958,PIT,SP,$4.63,$4.50,$3,$8,$2.00,2.388
"Mauricio Dubon",19649,16530,sa738378,"SFG AAA",2B/SS/3B/OF,$4.63,$3.00,$3,$9,$2.10,2.388
"Colin Moran",18247,16909,sa621019,FA,1B,$4.61,$3.50,$3,$10,$2.00,5.373
"Yandy Diaz",18517,16578,sa823741,TBR,1B/3B,$4.61,$3.50,$3,$14,$1.60,24.478
"Shed Long Jr.",19768,16542,sa738578,FA,2B/OF,$4.60,$5.00,$3,$7,$1.80,1.493
"Sergio Romo",4103,9817,sa293981,FA,RP,$4.60,$4.00,$3,$8,$1.10,1.493
"Austin Slater",23784,16153,sa602692,SFG,OF,$4.60,$4.00,$3,$9,$1.50,4.478
"Gregory Soto",19136,19677,sa737262,DET,RP,$4.60,$4.00,$3,$15,$2.60,61.791
"Steven Matz",13962,13361,sa500832,STL,SP,$4.60,$4.00,$3,$12,$2.00,51.94
"Brent Rooker",23793,19627,sa3003172,MIN,OF,$4.58,$5.00,$1,$7,$1.70,3.582
"Kyle Wright",23791,19665,sa874117,"ATL AAA",SP/RP,$4.58,$4.00,$3,$9,$1.90,5.672
"Carson Kelly",23714,13620,sa657963,ARI,C,$4.58,$4.00,$3,$17,$2.30,57.91
"Patrick Sandoval",22876,19447,sa875337,LAA,SP,$4.56,$4.00,$3,$13,$4.40,81.493
"Seranthony Dominguez",30196,19249,sa657573,PHI,RP,$4.55,$3.00,$3,$11,$1.40,3.284
"Robbie Grossman",5031,5254,sa454705,DET,OF,$4.54,$4.00,$3,$15,$3.70,82.09
"James Kaprielian",23570,18331,sa658943,OAK,SP,$4.53,$4.00,$3,$9,$3.10,34.03
"Jesus Aguilar",9974,11342,sa505981,MIA,1B,$4.53,$5.00,$3,$11,$3.30,28.955
"Amed Rosario",18303,15518,sa732115,CLE,SS/OF,$4.53,$4.00,$3,$18,$2.60,70.448
"Willie Calhoun",18560,17838,sa738175,TEX,OF,$4.52,$3.50,$3,$16,$2.40,24.478
"Yusmeiro Petit",1128,4020,sa244136,FA,RP,$4.52,$3.00,$3,$11,$1.40,6.269
"Manuel Margot",18280,14712,sa657504,TBR,OF,$4.52,$4.00,$3,$9,$1.70,20
"Harrison Bader",21968,18030,sa857218,STL,OF,$4.52,$4.00,$3,$11,$4.60,57.313
"Austin Martin",38323,,sa3014454,"MIN AA",SS/OF,$4.51,$4.00,$2,$12,$2.40,56.716
"Lucas Sims",18173,13470,sa657914,CIN,RP,$4.50,$4.00,$3,$12,$2.10,63.881
"Monte Harrison",20928,17216,sa828691,"MIA AAA",OF,$4.50,$4.50,$3,$6,$1.80,0.597
"Brock Holt",8668,9345,sa501543,FA,3B,$4.50,$4.50,$3,$6,$1.70,0.597
"Yonny Chirinos",18753,16401,sa735855,TBR,RP,$4.50,$4.00,$3,$7,$2.00,1.194
"Keegan Akin",31714,19362,sa873980,BAL,SP/RP,$4.50,$5.00,$3,$6,$1.90,1.791
"Mickey Moniak",23639,19956,sa917920,"PHI AAA",OF,$4.50,$3.00,$3,$9,$1.60,1.194
"Justin Bruihl",34734,23779,sa3006814,LAD,RP,$4.50,$4.50,$3,$6,$2.20,0.597
"Chance Sisco",18451,15694,sa737615,"NYM AAA",C,$4.50,$4.50,$4,$5,$1.60,0.597
"Logan Allen",22763,18555,sa875192,CLE,SP,$4.50,$4.50,$3,$6,$1.30,1.194
"Joey Wendle",23710,13853,sa658022,MIA,2B/SS/3B,$4.50,$4.00,$3,$10,$2.30,23.284
"Brett Anderson",2956,8223,sa326529,FA,SP,$4.50,$4.50,$3,$6,$1.20,0.597
"Brandon Kintzler",5183,9939,sa254178,FA,RP,$4.50,$4.50,$3,$6,$1.90,1.194
"Wander Suero",13190,15855,sa548041,"WSN AAA",RP,$4.50,$4.50,$3,$6,$1.40,0.597
"Jonathan Villar",16089,10071,sa503851,FA,2B/SS/3B,$4.50,$4.00,$3,$12,$2.80,17.91
"Luis Gil",23373,21052,sa877821,"NYY AAA",SP,$4.48,$4.00,$3,$15,$4.30,37.612
"CJ Abrams",36922,,sa3010152,"SDP AA",SS,$4.48,$4.00,$1,$14,$4.10,90.149
"Craig Stammen",2082,7274,sa291777,SDP,RP,$4.48,$4.00,$3,$8,$1.40,7.463
"Carlos Estevez",23613,14542,sa598491,COL,RP,$4.48,$3.00,$3,$12,$1.80,6.866
"Danny Duffy",7962,3542,sa390368,FA,SP,$4.48,$4.00,$3,$15,$2.30,13.731
"Forrest Whitley",23746,,sa917930,HOU,Util,$4.48,$4.00,$2,$11,$1.70,19.403
"Adam Wainwright",8739,2233,sa184098,STL,SP,$4.48,$4.00,$3,$19,$3.70,83.284
"Paul Sewald",23838,13892,sa658150,SEA,RP,$4.48,$4.00,$3,$11,$3.20,78.507
"JT Brubaker",22753,17578,sa875176,PIT,SP,$4.47,$4.00,$3,$8,$1.90,5.075
"Brandon Marsh",23868,20202,sa917944,LAA,OF,$4.47,$4.00,$1,$10,$3.00,70.149
"Luis Campusano",26404,22217,sa3004041,"SDP AAA",C,$4.47,$4.00,$3,$14,$2.90,46.567
"Cesar Hernandez",9092,10556,sa503285,WSN,2B,$4.46,$3.50,$3,$12,$2.20,16.716
"Ian Kennedy",2162,6986,sa326484,FA,RP,$4.46,$4.00,$3,$8,$2.40,14.925
"Michael Fulmer",18502,13218,sa597764,DET,RP,$4.45,$4.00,$3,$20,$3.00,31.343
"Jonathan Schoop",10763,11265,sa507129,DET,1B/2B,$4.45,$4.00,$3,$15,$3.40,74.328
"Michael Wacha",18171,14078,sa621625,BOS,SP/RP,$4.44,$3.00,$3,$12,$5.50,2.687
"Aaron Ashby",33672,23550,sa3007225,MIL,SP/RP,$4.44,$4.00,$3,$11,$3.80,71.343
"Myles Straw",22922,17620,sa875569,CLE,OF,$4.44,$4.00,$3,$11,$2.10,49.254
"Alex Cobb",17983,6562,sa326698,SFG,SP,$4.44,$4.00,$3,$14,$4.70,61.493
"Justin Upton",2269,5222,sa317008,LAA,OF,$4.43,$3.50,$3,$11,$2.30,8.955
"Francisco Mejia",19963,16403,sa739565,TBR,C,$4.43,$3.00,$3,$20,$1.80,18.209
"Kolten Wong",18111,12532,sa455324,MIL,2B,$4.42,$4.00,$3,$18,$2.40,74.925
"Trevor Larnach",33622,21501,sa3008376,"MIN AAA",OF,$4.42,$4.00,$1,$14,$2.60,45.373
"Wilson Ramos",4355,1433,sa328504,FA,C,$4.42,$3.50,$3,$10,$1.30,3.582
"Rich Hill",5594,4806,sa202788,BOS,SP,$4.41,$4.00,$3,$19,$1.80,15.224
"Kyle Gibson",4943,10123,sa500733,PHI,SP,$4.41,$4.00,$3,$14,$2.60,45.075
"Estevan Florial",22663,19151,sa874464,"NYY AAA",OF,$4.40,$3.00,$3,$8,$1.20,4.478
"Kevin Kiermaier",14209,11038,sa549853,TBR,OF,$4.40,$3.00,$3,$10,$1.20,1.493
"Johnny Cueto",1843,6893,sa295352,FA,SP,$4.40,$3.00,$3,$16,$1.20,5.97
"Jonathan Loaisiga",19197,19753,sa737372,NYY,RP,$4.40,$4.00,$3,$10,$3.10,82.09
"Joe Ross",18133,12972,sa597788,WSN,SP,$4.38,$4.00,$3,$8,$2.10,3.881
"Royce Lewis",23796,,sa3004259,"MIN AA",Util,$4.38,$4.00,$2,$11,$3.00,48.358
"Brent Suter",23829,13942,sa621681,MIL,RP,$4.38,$4.00,$3,$8,$1.20,2.388
"Kris Bubic",35566,21455,sa3008128,KCR,SP/RP,$4.37,$4.00,$3,$8,$4.80,10.448
"Jon Gray",18244,14916,sa549112,TEX,SP,$4.37,$4.00,$3,$15,$3.30,65.075
"Yimi Garcia",10429,12095,sa506959,TOR,RP,$4.36,$4.00,$3,$8,$2.10,13.134
"Avisail Garcia",6091,5760,sa497563,MIA,OF,$4.36,$4.00,$3,$19,$1.90,81.791
"Tyler Naquin",18169,13359,sa502772,CIN,OF,$4.33,$4.00,$3,$9,$2.20,23.284
"A.J. Alexy",33198,22343,sa919115,TEX,SP/RP,$4.33,$5.00,$3,$5,$1.50,1.791
"Reyes Moronta",28625,14966,sa597322,"SFG AAA",RP,$4.33,$3.00,$3,$9,$1.50,1.791
"Johan Oviedo",33424,22487,sa922365,"STL AAA",SP,$4.33,$3.00,$3,$7,$1.30,0.896
"Aristides Aquino",23751,15482,sa597058,CIN,OF,$4.33,$3.00,$3,$13,$1.20,2.687
"Spencer Patton",29023,12361,sa598809,TEX,RP,$4.33,$3.00,$3,$7,$2.00,0.896
"Randy Dobnak",27170,23798,sa3005287,MIN,SP/RP,$4.33,$5.00,$3,$5,$1.20,0.896
"Corey Knebel",18296,15010,sa737537,PHI,RP,$4.33,$4.00,$3,$17,$2.80,57.612
"Austin Adams",30529,13801,sa658119,SDP,RP,$4.32,$4.00,$3,$8,$1.90,9.254
"Garrett Whitlock",27185,20191,sa3005306,BOS,RP,$4.32,$4.00,$3,$11,$2.20,79.701
"Eric Lauer",23696,19316,sa738156,MIL,SP,$4.32,$4.00,$3,$11,$2.40,38.507
"Pedro Severino",23866,14523,sa599084,MIL,C,$4.31,$4.50,$1,$7,$2.20,4.776
"Jurickson Profar",13702,10815,sa549315,SDP,1B/2B/OF,$4.30,$5.00,$1,$6,$1.70,5.97
"Kyle Muller",32575,20167,sa917931,"ATL AAA",SP,$4.29,$3.00,$3,$11,$2.80,22.388
"David Peterson",31541,20302,sa829588,NYM,SP,$4.28,$4.00,$3,$7,$1.80,8.657
"A.J. Minter",23679,18655,sa659284,ATL,RP,$4.27,$4.00,$3,$10,$2.10,22.985
"Mike Mayers",18584,15451,sa706982,LAA,RP,$4.27,$3.00,$3,$10,$1.80,6.567
"Cole Irvin",30886,19244,sa658684,OAK,SP,$4.27,$4.00,$3,$8,$4.70,14.627
"Dylan Floro",27350,13394,sa502066,MIA,RP,$4.26,$4.00,$3,$13,$1.90,59.104
"Nick Sandlin",33643,20517,sa3006820,CLE,RP,$4.25,$4.00,$3,$9,$1.90,3.582
"Sam Coonrod",20456,17264,sa827483,PHI,RP,$4.25,$4.50,$3,$5,$1.60,1.194
"Miguel Castro",18431,15684,sa660043,NYM,RP,$4.25,$4.50,$3,$5,$1.70,1.194
"Tony Kemp",18494,14894,sa708452,OAK,2B/OF,$4.25,$3.00,$3,$10,$1.30,2.388
"Zach McKinstry",33147,19392,sa918920,"LAD AAA",2B/3B/OF,$4.25,$4.00,$3,$7,$2.40,4.776
"Ryan Weathers",33670,23796,sa3008436,SDP,SP/RP,$4.24,$4.00,$3,$9,$2.00,13.731
"J.P. Feyereisen",21234,16610,sa829227,TBR,RP,$4.23,$4.00,$3,$8,$1.90,11.642
"Drew Rasmussen",35922,25385,sa829799,TBR,SP/RP,$4.23,$3.00,$3,$11,$3.40,58.209
"Rowdy Tellez",18499,15679,sa738437,MIL,1B,$4.21,$4.00,$1,$9,$2.70,10.149
"Pavin Smith",23808,19892,sa829595,ARI,1B/OF,$4.20,$4.00,$3,$10,$1.90,25.373
"Nick Wittgren",23616,15594,sa621793,CLE,RP,$4.20,$3.50,$3,$7,$1.70,2.985
"Bradley Zimmer",18374,16221,sa599245,CLE,OF,$4.20,$3.00,$3,$9,$1.00,1.493
"Roberto Perez",5950,2900,sa328422,PIT,C,$4.20,$3.00,$3,$7,$1.40,1.493
"Jarren Duran",33685,24617,sa3006786,"BOS AAA",OF,$4.19,$4.00,$2,$10,$3.80,66.866
"Jose Alvarado",29992,17780,sa656049,PHI,RP,$4.18,$4.00,$2,$10,$1.90,16.418
"Alex Dickerson",23617,12649,sa526380,FA,OF,$4.18,$3.00,$3,$8,$1.50,5.075
"Merrill Kelly",17763,11156,sa552177,ARI,SP,$4.18,$3.50,$3,$8,$1.40,11.94
"Scott Barlow",28784,14993,sa597976,KCR,RP,$4.17,$4.00,$3,$13,$3.10,87.463
"Yadier Molina",8742,7007,sa200258,STL,C,$4.17,$3.00,$3,$11,$1.60,17.612
"Adam Cimber",19397,15288,sa737888,TOR,RP,$4.17,$3.00,$3,$9,$1.10,1.791
"Danny Santana",10028,10322,sa503874,"BOS AAA",1B/OF,$4.17,$4.00,$3,$6,$1.50,1.791
"Brailyn Marquez",32620,21896,sa918004,CHC,RP,$4.16,$3.00,$3,$7,$1.50,5.672
"Tyler Gilbert",22739,17964,sa875068,ARI,SP,$4.15,$4.00,$3,$9,$1.30,3.881
"Tanner Scott",21075,17586,sa829027,BAL,RP,$4.15,$4.00,$3,$8,$1.90,8.06
"Antonio Senzatela",23757,15488,sa657576,COL,SP,$4.15,$3.00,$3,$11,$3.20,12.239
"Tyler Rogers",19904,15541,sa739036,SFG,RP,$4.15,$4.00,$3,$9,$2.50,61.493
"Phil Bickford",19211,18519,sa737441,LAD,RP,$4.14,$4.00,$3,$6,$1.70,2.09
"Seth Brown",23052,18171,sa875797,OAK,OF,$4.14,$3.00,$3,$7,$1.50,2.09
"Adbert Alzolay",18751,17859,sa735853,CHC,SP/RP,$4.14,$4.00,$3,$8,$2.00,38.209
"Jorge Mateo",18507,17273,sa657910,BAL,2B/SS/OF,$4.13,$3.50,$3,$9,$1.80,4.776
"Luisangel Acuna",36048,,sa3008765,"TEX A",2B/SS,$4.13,$2.00,$1,$12,$2.80,2.388
"Edward Cabrera",33325,21690,sa920423,MIA,SP,$4.12,$4.00,$3,$14,$3.10,67.761
"Luis Garcia",33548,20391,sa962605,WSN,2B/SS,$4.12,$4.00,$3,$8,$1.70,19.403
"Yan Gomes",4988,9627,sa501644,CHC,C,$4.12,$3.00,$3,$9,$1.30,7.761
"Michael Lorenzen",18354,14843,sa548385,LAA,RP,$4.12,$3.00,$3,$7,$1.50,7.761
"Vladimir Gutierrez",33544,19278,sa952977,CIN,SP,$4.11,$3.50,$3,$10,$2.40,5.373
"Yusniel Diaz",23572,,sa912848,"BAL AAA",OF,$4.11,$5.00,$2,$6,$1.40,2.687
"Adam Duvall",13750,10950,sa549078,ATL,OF,$4.10,$4.00,$3,$15,$3.10,67.761
"Donovan Solano",2885,8623,sa291100,FA,2B,$4.10,$3.00,$3,$8,$1.90,5.97
"Jimmy Nelson",14409,10547,sa548256,FA,RP,$4.10,$3.00,$3,$12,$1.70,2.985
"Jose Barrero",33734,23378,sa3005385,CIN,SS/OF,$4.09,$4.00,$3,$10,$2.20,41.493
"Omar Narvaez",9639,13338,sa504967,MIL,C,$4.08,$3.00,$3,$11,$1.90,47.164
"Collin McHugh",8577,7531,sa455151,FA,SP/RP,$4.05,$4.00,$3,$9,$2.80,31.642
"Wilmer Flores",8583,5827,sa455617,SFG,1B/2B/3B,$4.05,$3.00,$3,$11,$1.20,13.134
"Jake Fraley",31623,19260,sa857756,SEA,OF,$4.04,$3.00,$3,$7,$2.20,7.463
"Tyler Stephenson",22654,17988,sa874242,CIN,C/1B,$4.03,$3.00,$3,$9,$3.10,81.493
"Sam Huff",32653,22209,sa918046,"TEX CPX",1B,$4.03,$4.00,$3,$9,$2.50,11.642
"Tylor Megill",35473,21318,sa3007988,NYM,SP,$4.02,$3.00,$3,$9,$2.00,27.164
"Roansy Contreras",25930,22810,sa3003020,PIT,SP/RP,$4.02,$3.00,$3,$16,$3.30,41.493
"Jeff Hoffman",18364,17432,sa709602,CIN,SP/RP,$4.00,$4.00,$3,$5,$1.20,0.896
"Yohel Pozo",20782,18848,sa828445,"TEX AAA",C,$4.00,$4.00,$4,$4,$1.50,0.299
"Luis Cessa",10043,13345,sa506912,CIN,RP,$4.00,$4.00,$4,$4,$1.50,0.299
"Kevin Alcantara",33677,,sa3008752,"CHC CPX",OF,$4.00,$4.00,$4,$4,$1.25,0.299
"Tyler Anderson",15081,12880,sa578009,FA,SP,$4.00,$4.00,$3,$7,$5.80,5.672
"Bryan Abreu",20900,16609,sa828588,"HOU AAA",RP,$4.00,$4.00,$3,$5,$2.00,1.194
"Devin Smeltzer",31548,19487,sa829638,MIN,RP,$4.00,$4.00,$4,$4,$1.70,0.299
"Brandon Bielak",31975,19866,sa915815,HOU,RP,$4.00,$4.00,$4,$4,$1.60,0.299
"Vince Velasquez",14464,11189,sa548239,FA,SP,$4.00,$4.00,$4,$4,$1.10,0.299
"Alexander Canario",26224,,sa3003316,"CHC A+",OF,$4.00,$4.00,$4,$4,$1.38,0.299
"Matt Shoemaker",4728,4776,sa468580,"SFG AAA",SP/RP,$4.00,$4.00,$4,$4,$1.60,0.299
"Rex Brothers",4772,9794,sa500766,MIL,RP,$4.00,$3.50,$3,$6,$1.40,1.194
"Eli White",31423,19346,sa738478,TEX,OF,$4.00,$4.00,$4,$4,$1.40,0.299
"Yairo Munoz",23841,16313,sa657210,"BOS AAA",3B,$4.00,$4.00,$4,$4,$1.70,0.299
"Josh Naylor",22655,18839,sa874243,CLE,1B/OF,$4.00,$3.50,$3,$10,$2.20,9.552
"Michael A. Taylor",12139,11489,sa501492,KCR,OF,$4.00,$3.50,$3,$8,$1.30,2.985
"Reiss Knehr",34859,21541,sa3006952,SDP,SP/RP,$4.00,$4.00,$4,$4,$1.25,0.299
"Glenn Otto",31949,21366,sa915710,TEX,SP,$4.00,$3.50,$3,$6,$2.50,6.567
"Manny Piña",2891,2829,sa294107,ATL,C,$4.00,$4.00,$3,$5,$1.00,0.597
"Danny Mendick",22863,18889,sa875320,"CHW AAA",2B/SS/OF,$4.00,$4.00,$4,$4,$1.40,0.299
"Jed Lowrie",3543,4418,sa294693,FA,2B,$4.00,$3.00,$3,$9,$1.60,5.075
"DeMarcus Evans",23040,21087,sa875783,"TEX AAA",RP,$4.00,$3.50,$3,$6,$1.50,1.194
"J.B. Bukauskas",31514,20491,sa829263,"ARI AAA",RP,$4.00,$4.00,$3,$5,$1.50,0.597
"Phil Gosselin",14459,10953,sa526190,FA,1B/3B/OF,$4.00,$4.00,$3,$5,$1.30,0.597
"Luis Barrera",18819,19615,sa736690,OAK,OF,$4.00,$4.00,$4,$4,$1.50,0.299
"Mike Brosseau",33156,19683,sa918938,"MIL CPX",1B/2B/3B,$4.00,$3.00,$3,$7,$1.80,2.09
"Fernando Rodney",7125,494,sa167931,FA,RP,$4.00,$4.00,$4,$4,$1.90,0.299
"Josh Tomlin",2788,9388,sa328081,"ATL AAA",RP,$4.00,$4.00,$3,$5,$1.30,0.597
"Chaz Roe",2295,9866,sa294351,"TBR AAA",RP,$4.00,$4.00,$3,$5,$1.30,1.493
"Josh Fleming",26621,20418,sa3004344,TBR,SP/RP,$4.00,$4.00,$3,$7,$1.60,4.478
"Nestor Cortes",19816,17874,sa738684,NYY,SP/RP,$3.99,$3.00,$1,$11,$2.90,35.522
"J.P. Crawford",18272,15491,sa737507,SEA,SS,$3.99,$3.00,$3,$12,$1.30,28.06
"David Bednar",31951,19569,sa915715,PIT,RP,$3.98,$3.00,$3,$9,$2.20,72.537
"Chris Flexen",23843,13896,sa658306,SEA,SP,$3.98,$3.00,$3,$11,$2.80,31.642
"Clarke Schmidt",33679,19899,sa3007582,"NYY CPX",SP/RP,$3.98,$3.00,$3,$9,$1.70,13.731
"Carlos Hernandez",26521,22713,sa3004199,KCR,SP/RP,$3.97,$3.00,$3,$8,$1.50,23.284
"Garrett Cooper",19350,15279,sa737833,MIA,1B/OF,$3.96,$3.50,$3,$8,$1.90,14.925
"Ryan Tepera",16290,10291,sa502039,FA,RP,$3.96,$3.00,$3,$8,$2.10,20.597
"Seth Beer",33608,20493,sa3006658,ARI,1B,$3.95,$4.00,$1,$10,$1.80,35.821
"Anthony Bender",32871,19742,sa918438,MIA,RP,$3.94,$3.00,$3,$9,$2.20,35.821
"Justin Dunn",23756,19268,sa738718,"SEA AAA",SP,$3.94,$3.00,$3,$7,$1.40,4.776
"Andres Munoz",33259,20373,sa919548,SEA,RP,$3.93,$3.00,$1,$12,$2.40,31.642
"Adam Frazier",19348,15223,sa737830,SEA,2B/OF,$3.92,$3.00,$3,$17,$2.50,51.642
"Asdrubal Cabrera",3456,4962,sa253913,CIN,1B/3B,$3.92,$3.00,$3,$9,$1.50,3.881
"Lane Thomas",21041,16939,sa828962,WSN,OF,$3.92,$3.00,$2,$8,$3.70,27.164
"Nolan Gorman",33623,,sa3007017,"STL AAA",2B/3B,$3.92,$4.00,$1,$12,$2.90,84.776
"Grayson Rodriguez",33612,,sa3008130,"BAL AA",SP,$3.91,$4.00,$1,$11,$4.10,89.851
"Kyle Isbel",33686,21614,sa3006861,KCR,OF,$3.91,$4.00,$3,$7,$2.80,6.567
"Eric Haase",29522,14111,sa601042,DET,C/OF,$3.91,$3.00,$1,$11,$2.70,32.537
"Rowan Wick",27773,14646,sa549441,CHC,RP,$3.91,$3.00,$3,$12,$1.80,34.627
"Drew Waters",26648,,sa3004378,"ATL AAA",OF,$3.90,$4.00,$2,$8,$2.10,30.149
"Kolby Allard",18532,18694,sa874245,TEX,SP/RP,$3.90,$4.00,$3,$5,$4.00,2.985
"Daniel Hudson",9304,7146,sa454564,LAD,RP,$3.89,$3.50,$3,$9,$1.60,16.716
"Ji-Man Choi",14342,5452,sa549626,TBR,1B,$3.89,$3.00,$3,$9,$1.50,5.373
"Kyle Higashioka",9395,5517,sa454957,NYY,C,$3.88,$3.50,$3,$6,$1.80,2.388
"Wade Miley",8658,8779,sa454412,CHC,SP,$3.88,$3.00,$3,$8,$1.80,21.493
"Daniel Lynch",33669,21537,sa3007588,KCR,SP,$3.88,$3.50,$3,$10,$1.70,28.657
"Rafael Dolis",2834,4185,sa329093,"TOR AAA",RP,$3.88,$3.00,$3,$7,$2.00,2.388
"Casey Sadler",14507,11209,sa549692,SEA,RP,$3.88,$3.00,$3,$7,$2.10,2.388
"Hunter Harvey",18283,15507,sa737510,"SFG AAA",RP,$3.88,$3.50,$3,$5,$1.90,2.388
"Tommy Kahnle",14809,11384,sa526323,LAD,RP,$3.88,$3.00,$3,$6,$1.10,2.388
"Ryan Jeffers",33652,24618,sa3007051,MIN,C,$3.86,$4.00,$3,$6,$1.20,6.567
"Nick Pivetta",19398,15454,sa737889,BOS,SP,$3.86,$3.00,$3,$9,$3.40,26.269
"Jake Burger",23809,22275,sa915698,"CHW AAA",3B,$3.86,$3.00,$3,$8,$2.00,6.567
"Max Stassi",8542,10059,sa501262,LAA,C,$3.86,$3.00,$3,$9,$2.10,28.358
"Cesar Valdez",2955,9013,sa328444,FA,RP,$3.86,$4.00,$3,$5,$2.20,2.09
"Hunter Greene",23824,,sa3005315,"CIN AAA",SP,$3.85,$4.00,$1,$12,$2.10,85.97
"Tyler Matzek",12846,10058,sa500725,ATL,RP,$3.85,$3.00,$2,$8,$1.70,46.269
"Adrian Houser",28712,12718,sa597779,MIL,SP,$3.85,$3.00,$1,$8,$3.00,15.522
"Cal Raleigh",33654,21534,sa3008377,SEA,C,$3.84,$4.00,$3,$7,$1.70,5.672
"Nicky Lopez",32632,19339,sa918022,KCR,SS,$3.84,$3.00,$3,$9,$2.30,26.269
"Gavin Sheets",31572,19901,sa829797,CHW,1B/OF,$3.84,$4.00,$3,$8,$1.80,18.507
"Nick Chad Gordon",18361,16337,sa828662,MIN,2B/SS/OF,$3.83,$3.00,$1,$7,$1.30,3.582
"Dom Nunez",19333,15055,sa737813,COL,C,$3.83,$3.50,$3,$6,$1.40,1.791
"Daulton Jefferies",31478,19345,sa738964,OAK,SP/RP,$3.83,$3.50,$3,$6,$1.40,5.373
"Phillip Evans",29154,12950,sa599250,"PIT AAA",1B/3B/OF,$3.83,$3.50,$3,$6,$1.60,1.791
"Kyle Crick",18193,13182,sa597770,"CHW AAA",RP,$3.83,$3.00,$3,$8,$2.30,1.791
"Andrew Kittredge",27995,12828,sa577676,TBR,RP,$3.83,$3.00,$3,$9,$2.50,50.149
"Bryan De La Cruz",20670,19600,sa828304,MIA,OF,$3.82,$3.00,$3,$11,$1.80,10.149
"Cole Sulser",19629,15256,sa738350,BAL,RP,$3.82,$3.00,$3,$7,$2.00,14.925
"Niko Goodrum",14455,12092,sa550463,FA,2B/SS/OF,$3.81,$3.00,$3,$7,$1.20,4.776
"Leody Taveras",23690,18900,sa912520,TEX,OF,$3.81,$3.00,$3,$7,$1.50,6.269
"Riley Greene",36509,,sa3010694,"DET AAA",OF,$3.80,$4.00,$1,$9,$3.20,89.254
"Martin Maldonado",2792,6887,sa254445,HOU,C,$3.80,$3.00,$3,$5,$1.30,1.493
"Sean Reid-Foley",20927,17034,sa828690,"NYM AAA",RP,$3.80,$3.00,$3,$7,$1.50,1.493
"Lewin Diaz",20758,18365,sa828420,MIA,1B,$3.80,$3.00,$3,$5,$1.40,1.493
"Josh Harrison",5041,8202,sa454741,FA,2B/SS/3B/OF,$3.80,$3.00,$3,$9,$2.20,14.925
"Kyle Farmer",29790,14813,sa620958,CIN,SS/3B,$3.79,$3.00,$3,$8,$1.90,8.657
"Tanner Rainey",22690,17610,sa874808,WSN,RP,$3.79,$3.00,$3,$7,$1.40,5.672
"Odubel Herrera",17822,11476,sa505987,FA,OF,$3.79,$3.00,$3,$9,$1.70,4.179
"Jackson Kowar",33621,21549,sa3008273,KCR,SP,$3.78,$3.50,$3,$9,$2.00,9.552
"Edward Olivares",21837,19698,sa832015,"KCR AAA",OF,$3.78,$3.00,$3,$7,$2.40,8.06
"Bailey Ober",32966,21224,sa918555,MIN,SP,$3.77,$3.00,$3,$7,$2.10,22.09
"Jeter Downs",23822,,sa3004615,"BOS AAA",2B/SS,$3.77,$3.00,$2,$10,$2.80,34.328
"Yonathan Daza",28456,15794,sa597083,COL,OF,$3.75,$3.00,$3,$6,$1.40,1.194
"Josh Taylor",21947,17359,sa842224,BOS,RP,$3.75,$3.50,$3,$6,$1.10,2.388
"Harold Ramirez",18528,14387,sa660586,CHC,OF,$3.75,$3.50,$3,$5,$1.60,2.388
"Zack Collins",23619,19181,sa738390,CHW,C,$3.75,$3.00,$3,$8,$1.50,2.388
"Elijah Morgan",31983,20203,sa915827,CLE,SP,$3.75,$3.50,$3,$5,$6.10,1.194
"Jake Cousins",31672,21620,sa873609,"MIL AAA",RP,$3.74,$3.00,$1,$6,$2.20,17.313
"Drew Steckenrider",23836,18806,sa621408,SEA,RP,$3.74,$3.00,$3,$8,$2.00,26.269
"Yoshi Tsutsugo",38107,27459,,PIT,1B/OF,$3.72,$3.00,$3,$10,$1.40,11.642
"Stefan Crichton",19579,16058,sa738289,"ARI AAA",RP,$3.71,$4.00,$3,$5,$2.50,2.09
"Rodolfo Castro",32327,21987,sa917362,"PIT AAA",2B/3B,$3.71,$4.00,$3,$5,$1.60,2.09
"Tucker Davidson",32842,19871,sa918393,"ATL AAA",RP,$3.71,$3.50,$3,$6,$2.20,8.358
"Jose Alexander Siri",18943,17452,sa736940,HOU,OF,$3.71,$3.00,$3,$7,$1.20,5.075
"LaMonte Wade Jr",21964,18126,sa856280,SFG,1B/OF,$3.70,$3.00,$3,$9,$2.30,45.075
"Freddy Galvis",5111,6609,sa392933,FA,SS/3B,$3.70,$3.00,$3,$7,$1.10,2.985
"Alex Vesia",35532,25007,sa3008070,LAD,RP,$3.70,$3.50,$3,$5,$1.30,2.985
"Miguel Rojas",4475,7802,sa455627,MIA,SS,$3.68,$3.00,$3,$9,$2.10,20.597
"Codi Heuer",34686,23293,sa3006764,CHC,RP,$3.68,$3.00,$3,$7,$1.60,15.821
"Anthony Volpe",36683,,sa3010868,"NYY A+",SS,$3.68,$3.00,$2,$12,$5.00,73.134
"Victor Caratini",19285,14968,sa737618,SDP,C,$3.67,$3.00,$3,$5,$1.10,1.791
"Jon Berti",28931,12037,sa598490,MIA,2B/3B/OF,$3.67,$3.00,$3,$5,$2.70,0.896
"Christian Arroyo",19254,16434,sa737529,BOS,2B,$3.67,$3.00,$3,$6,$1.50,1.791
"Jorge Alcala",22538,19459,sa873325,MIN,RP,$3.67,$3.00,$3,$6,$2.40,1.791
"Mitch White",23770,19225,sa917948,LAD,SP/RP,$3.67,$3.00,$3,$5,$1.20,0.896
"Hansel Robles",10064,11801,sa506925,FA,RP,$3.67,$3.00,$3,$7,$1.40,6.269
"Peyton Burdick",36730,,sa3009876,"MIA AAA",OF,$3.67,$2.00,$2,$7,$1.50,0.896
"Eury Perez",38559,,sa3014807,"MIA A+",SP,$3.67,$2.50,$2,$10,$2.60,1.791
"Johan Camargo",23800,14950,sa657234,"PHI AAA",1B/3B,$3.67,$3.00,$3,$5,$1.30,0.896
"Alec Mills",30759,13834,sa658528,CHC,SP/RP,$3.67,$3.00,$3,$5,$4.60,0.896
"Marcelo Mayer",40095,,sa3017114,"BOS CPX",SS,$3.66,$3.00,$2,$8,$3.90,31.045
"Connor Joe",20332,16572,sa827153,COL,1B/OF,$3.64,$3.00,$3,$8,$2.20,20.896
"Paul Fry",19479,15832,sa738159,"BAL AAA",RP,$3.64,$3.00,$3,$5,$2.00,3.284
"Franchy Cordero",18322,14567,sa657481,"BOS AAA",1B/OF,$3.64,$3.00,$3,$7,$1.50,3.284
"Taylor Walls",31969,22458,sa915802,"TBR AAA",SS,$3.64,$3.00,$3,$5,$1.90,3.284
"Jose Suarez",22236,19911,sa872545,LAA,SP/RP,$3.63,$3.00,$3,$7,$1.10,5.672
"Nolan Jones",23870,,sa917941,"CLE AAA",3B/OF,$3.63,$4.00,$1,$7,$3.10,48.358
"William Contreras",22391,20503,sa872847,ATL,C,$3.61,$3.00,$3,$7,$2.30,9.254
"Genesis Cabrera",20861,17490,sa828534,STL,RP,$3.60,$3.00,$3,$9,$1.80,31.642
"Colin Poche",30449,19403,sa657989,TBR,RP,$3.60,$4.00,$2,$6,$1.50,1.493
"Jose Iglesias",5098,10231,sa519724,FA,2B/SS,$3.60,$3.00,$3,$5,$1.40,1.493
"Bobby Bradley",15450,17278,sa828799,CLE,1B,$3.60,$3.00,$3,$7,$2.10,11.94
"Kyle Zimmer",18161,14169,sa621583,FA,SP/RP,$3.60,$4.00,$3,$4,$2.20,2.985
"Victor Gonzalez",19990,16408,sa739644,"LAD AAA",RP,$3.60,$3.00,$3,$6,$2.10,5.97
"Jacob Meyers",26783,20308,sa3004621,HOU,OF,$3.58,$3.00,$3,$7,$1.20,5.672
"Luke Jackson",18382,11752,sa548163,ATL,RP,$3.58,$3.00,$3,$6,$2.20,9.851
"Jose Cisnero",5913,6399,sa503949,DET,RP,$3.57,$3.00,$3,$7,$2.70,6.269
"Ken Giles",18220,12910,sa503563,SEA,RP,$3.56,$3.00,$3,$15,$1.90,30.448
"Tucker Barnhart",12532,10200,sa501601,DET,C,$3.55,$3.00,$3,$9,$1.40,11.94
"Rafael Ortega",9018,10323,sa506292,CHC,OF,$3.55,$3.00,$3,$6,$1.60,9.851
"Mike Zunino",18183,13265,sa502422,TBR,C,$3.54,$3.00,$3,$8,$1.70,58.806
"Sam Long",32883,25379,sa918455,"SFG AAA",SP/RP,$3.53,$3.00,$3,$6,$2.40,5.672
"Andrew Chafin",18157,12988,sa597763,FA,RP,$3.52,$3.00,$3,$12,$1.80,32.537
"Jose Miranda",32585,,sa917952,"MIN AAA",1B/2B/3B,$3.51,$3.00,$2,$10,$2.60,75.224
"Jordan Lyles",8694,7593,sa454403,FA,SP,$3.50,$3.50,$3,$4,$3.60,0.597
"Connor Seabold",31524,19695,sa829464,"BOS CPX",SP/RP,$3.50,$3.50,$3,$4,$1.30,0.597
"DJ Stewart",30877,17766,sa658672,BAL,OF,$3.50,$3.50,$3,$4,$1.30,0.597
"Erick Fedde",18534,17425,sa599293,WSN,SP,$3.50,$3.00,$3,$6,$1.40,2.388
"Jake Woodford",22672,18674,sa874753,STL,SP/RP,$3.50,$3.50,$3,$4,$3.50,0.597
"Jace Peterson",18290,12325,sa597803,MIL,1B/2B/3B/OF,$3.50,$3.00,$3,$5,$1.50,1.194
"Tony Santillan",22679,19926,sa874781,CIN,SP/RP,$3.50,$3.00,$3,$5,$1.10,1.194
"Chas McCormick",26504,19599,sa3004174,HOU,OF,$3.50,$3.00,$3,$5,$1.30,1.194
"Kyle Funkhouser",23783,19456,sa827397,DET,RP,$3.50,$3.50,$3,$4,$1.40,0.597
"Khalil Lee",23698,19952,sa917996,"NYM AAA",OF,$3.50,$3.00,$1,$7,$1.00,2.985
"Jonathan Hernandez",19244,17464,sa737482,TEX,RP,$3.50,$3.00,$3,$5,$2.10,2.388
"Dustin Harris",36991,,sa3010279,"TEX A+",1B/3B,$3.50,$2.50,$2,$9,$2.30,2.388
"Jeffrey Springs",23144,17677,sa876019,TBR,RP,$3.50,$3.00,$3,$5,$1.60,2.388
"Ryan Brasier",7676,5615,sa390196,BOS,RP,$3.50,$3.50,$3,$4,$1.40,0.597
"Matt Foster",31439,19647,sa738581,CHW,RP,$3.50,$3.00,$3,$5,$1.70,1.194
"Isan Diaz",20939,17922,sa828704,"MIA AAA",2B/3B,$3.50,$3.00,$3,$5,$1.40,1.194
"JT Chargois",23620,13767,sa621373,TBR,RP,$3.50,$3.00,$3,$5,$1.20,1.194
"J.J. Bleday",37797,,sa3011642,"MIA AA",OF,$3.50,$3.00,$2,$9,$2.20,39.701
"Brad Boxberger",4553,10133,sa328086,FA,RP,$3.48,$3.00,$3,$10,$1.30,7.463
"Alek Thomas",33681,,sa3006892,"ARI AAA",OF,$3.46,$3.00,$1,$9,$2.60,68.06
"Joely Rodriguez",10508,11487,sa507216,NYY,RP,$3.45,$3.00,$1,$6,$1.40,3.284
"Cade Cavalli",38334,,sa3014421,"WSN AAA",SP,$3.44,$3.00,$1,$8,$3.20,69.254
"Brad Miller",18156,12775,sa597769,FA,1B/2B/OF,$3.44,$3.00,$3,$7,$1.50,4.776
"Henry Davis",40052,,sa3017042,"PIT A+",Util,$3.44,$3.00,$2,$8,$3.20,25.373
"Leury Garcia",6063,5913,sa456103,CHW,2B/SS/3B/OF,$3.43,$3.00,$3,$5,$1.30,4.179
"Asa Lacy",38309,,sa3014423,"KCR A+",SP,$3.43,$3.00,$1,$9,$1.90,42.09
"Ryne Stanek",18394,15947,sa548245,HOU,RP,$3.42,$3.00,$3,$6,$1.00,5.672
"Spencer Strider",38736,27498,sa3015059,ATL,SP/RP,$3.42,$3.00,$3,$5,$1.50,3.582
"Noelvi Marte",36030,,sa3008745,"SEA A+",SS,$3.40,$3.00,$1,$10,$3.40,75.224
"Jairo Pomares",36848,,sa3010023,"SFG A+",OF,$3.40,$2.00,$2,$9,$1.80,1.493
"Edmundo Sosa",18890,17022,sa736859,STL,2B/SS,$3.40,$3.00,$3,$5,$2.20,1.493
"Luis Torrens",19981,15905,sa739618,SEA,C/1B,$3.38,$3.00,$3,$5,$1.40,3.881
"Evan Longoria",1583,9368,sa326460,SFG,3B,$3.38,$3.00,$3,$6,$1.70,22.687
"Austin Gomber",20402,16561,sa827376,COL,SP,$3.38,$3.00,$3,$5,$2.00,7.164
"Kristian Robinson",33632,,sa3006884,"ARI A",Util,$3.38,$3.00,$1,$6,$1.50,11.94
"Luis Garcia",4607,6984,sa392441,SDP,RP,$3.38,$3.00,$3,$6,$1.20,7.164
"Chris Stratton",18172,13761,sa621598,PIT,RP,$3.36,$3.00,$3,$7,$2.00,6.567
"Max Meyer",38307,,sa3014430,"MIA AAA",SP,$3.36,$3.00,$1,$13,$2.60,82.388
"Geraldo Perdomo",26198,22799,sa3003290,ARI,SS,$3.36,$3.00,$1,$6,$2.40,4.179
"Brennen Davis",33675,,sa3007876,"CHC AAA",OF,$3.35,$3.00,$1,$8,$3.00,81.791
"Aaron Loup",6008,10343,sa501580,LAA,RP,$3.35,$3.00,$2,$6,$1.60,22.09
"Nick Pratto",23847,,sa3004138,"KCR AAA",1B,$3.35,$3.00,$1,$10,$1.90,64.179
"Jason Groome",23676,,sa917925,"BOS AA",SP,$3.33,$3.00,$2,$5,$1.40,0.896
"Packy Naughton",31840,23292,sa913120,LAA,SP,$3.33,$3.00,$3,$4,$1.50,0.896
"Albert Abreu",20720,17485,sa828366,NYY,RP,$3.33,$3.00,$3,$4,$1.30,0.896
"Duane Underwood Jr.",23636,14677,sa657936,PIT,RP,$3.33,$3.00,$3,$4,$1.40,0.896
"Aledmys Diaz",18310,15937,sa803159,HOU,1B/2B/SS/3B/OF,$3.33,$3.00,$3,$6,$2.20,5.373
"Jordan Luplow",20386,16424,sa827333,"ARI CPX",1B/OF,$3.33,$3.00,$3,$4,$1.10,2.687
"Darren O'Day",1984,3321,sa326491,ATL,RP,$3.33,$3.00,$3,$4,$1.10,0.896
"Reiver Sanmartin",23491,19754,sa880982,CIN,SP/RP,$3.33,$3.00,$1,$8,$3.80,3.582
"Deolis Guerra",2242,8410,sa325009,OAK,RP,$3.33,$3.00,$3,$4,$1.20,0.896
"Tyler Alexander",19575,17735,sa738285,DET,SP/RP,$3.33,$3.00,$3,$5,$11.00,1.791
"Nick Lodolo",36686,,sa917947,"CIN AAA",SP,$3.33,$3.00,$1,$7,$2.70,74.925
"Justin Steele",21039,17312,sa828960,CHC,SP/RP,$3.29,$3.00,$3,$5,$6.60,2.09
"Braxton Garrett",23723,21844,sa917923,"MIA AAA",SP,$3.25,$3.00,$3,$4,$1.20,1.194
"Chris Rodriguez",32604,22310,sa917980,LAA,SP/RP,$3.25,$3.00,$3,$4,$1.90,2.388
"Anthony Gose",4392,5097,sa454425,CLE,RP,$3.25,$3.00,$3,$4,$1.20,1.194
"Anthony Misiewicz",22648,18152,sa874099,SEA,RP,$3.25,$3.00,$3,$4,$1.20,1.194
"Darin Ruf",5845,9929,sa502060,SFG,1B/OF,$3.25,$3.00,$3,$5,$1.50,10.746
"Dominic Leone",18338,13763,sa621519,SFG,RP,$3.25,$3.00,$3,$4,$1.20,1.194
"Heliot Ramos",23834,,sa3004693,"SFG AAA",OF,$3.25,$3.00,$1,$8,$2.00,36.119
"Jacob Stallings",27620,13723,sa526927,MIA,C,$3.24,$3.00,$3,$5,$1.10,8.657
"Triston Casas",33651,,sa3007634,"BOS AAA",1B,$3.23,$3.00,$1,$8,$2.30,80.299
"Matthew Liberatore",33611,,sa3008163,"STL AAA",SP,$3.21,$3.00,$1,$9,$1.80,41.791
"Taylor Ward",22048,17548,sa858832,LAA,OF,$3.20,$3.00,$3,$4,$1.80,1.493
"Tim Mayza",18625,15042,sa708779,TOR,RP,$3.20,$3.00,$3,$4,$1.30,1.493
"MJ Melendez",26472,,sa3004139,"KCR AAA",C,$3.19,$3.00,$2,$12,$3.50,52.836
"Josh Jung",37786,,sa3011468,"TEX AAA",3B,$3.18,$3.00,$1,$12,$2.50,77.612
"Adam Engel",18636,15082,sa709002,CHW,OF,$3.17,$3.00,$3,$4,$1.40,1.791
"Steven Duggar",20339,17719,sa827165,SFG,OF,$3.17,$3.00,$3,$5,$2.00,3.582
"Robert Hassell III",38461,,sa3014701,"SDP A+",OF,$3.16,$3.00,$1,$7,$3.30,32.537
"Ramon Urias",28514,18795,sa597169,BAL,2B/SS/3B,$3.15,$3.00,$3,$4,$1.30,3.881
"Elias Diaz",9574,11680,sa504943,COL,C,$3.14,$3.00,$3,$5,$1.40,10.746
"George Kirby",36671,,sa3011526,"SEA AA",SP,$3.13,$3.00,$1,$7,$2.30,69.552
"Tyler Wells",32804,20000,sa918346,BAL,RP,$3.11,$3.00,$3,$4,$1.70,2.687
"Zac Veen",38313,,sa3014516,"COL A",OF,$3.11,$3.00,$1,$9,$3.40,50.746
"Jordan Lawlar",40260,,sa3017662,"ARI CPX",Util,$3.10,$2.00,$2,$12,$1.70,11.94
"Matt Wisler",18273,12804,sa601046,TBR,RP,$3.08,$3.00,$3,$4,$1.50,3.881
"Clay Holmes",23790,13649,sa598167,NYY,RP,$3.06,$3.00,$3,$4,$1.50,4.776
"Simeon Woods Richardson",35742,,sa3008423,"MIN AA",SP,$3.03,$3.00,$1,$7,$1.30,11.94
"Emerson Hancock",38315,,sa3014456,"SEA AA",SP,$3.02,$3.00,$1,$7,$3.10,48.657
"Hans Crouse",26794,22192,sa3004642,PHI,SP/RP,$3.00,$3.00,$3,$3,$2.20,0.597
"Lucas Williams",22702,19931,sa874987,"PHI AAA",2B/OF,$3.00,$3.00,$3,$3,$2.60,0.299
"Ryan Helsley",22651,18138,sa874172,STL,RP,$3.00,$3.00,$3,$3,$1.40,0.299
"Curtis Terry",22948,18881,sa875607,"MIN AAA",1B,$3.00,$3.00,$3,$3,$1.40,1.493
"Anderson Jose Espinoza",18543,18593,sa872856,"CHC AA",SP,$3.00,$3.00,$3,$3,$2.20,0.299
"Hoy Jun Park",23359,18027,sa877610,PIT,2B/SS/3B/OF,$3.00,$3.00,$3,$3,$1.40,0.299
"Heath Hembree",14736,11632,sa548437,FA,RP,$3.00,$3.00,$3,$3,$3.30,0.896
"Jose De Leon",18458,15463,sa738334,"TOR AAA",RP,$3.00,$3.00,$3,$3,$1.40,0.896
"Tayler Saucedo",22846,17888,sa875298,"TOR AAA",RP,$3.00,$3.00,$3,$3,$1.00,0.299
"Daniel Norris",18159,13475,sa597783,FA,RP,$3.00,$3.00,$3,$3,$1.20,0.597
"Thairo Estrada",19982,16426,sa739620,SFG,2B/SS/OF,$3.00,$3.00,$3,$3,$1.30,0.597
"Tim Hill",21514,16814,sa829603,SDP,RP,$3.00,$3.00,$3,$3,$1.20,0.597
"Sherten Apostel",32329,21794,sa917364,"TEX CPX",3B,$3.00,$3.00,$3,$3,$1.10,0.597
"Jake Noll",31753,19703,sa874225,"WSN AAA",1B/2B/OF,$3.00,$3.00,$3,$3,$2.00,0.299
"Jorge Lopez",18556,14527,sa597780,BAL,SP/RP,$3.00,$3.00,$3,$3,$1.90,0.299
"Kevin Smith",31994,20242,sa915864,"TOR AAA",SS/3B,$3.00,$3.00,$3,$3,$1.60,1.194
"Andy Ibanez",23574,18819,sa914201,TEX,1B/2B/3B,$3.00,$3.00,$3,$3,$1.70,0.597
"Max Schrock",23657,17750,sa658670,CIN,2B/OF,$3.00,$3.00,$3,$3,$3.10,0.597
"Kodi Whitley",26847,19731,sa3004708,STL,RP,$3.00,$3.00,$3,$3,$1.20,0.299
"Tyrone Taylor",18254,13675,sa657979,MIL,OF,$3.00,$3.00,$3,$3,$1.60,1.194
"Ryan Vilade",26562,22165,sa3004256,"COL AAA",OF,$3.00,$3.00,$3,$3,$1.50,2.687
"Steve Lombardozzi",17713,5422,sa455421,"OAK AAA",Util,$3.00,$3.00,$3,$3,$1.10,0.299
"Jhonkensy Noel",33905,,sa3005579,"CLE CPX",3B,$3.00,$3.00,$2,$4,$2.00,0.597
"Andre Jackson",35919,21298,sa829605,LAD,SP/RP,$3.00,$3.00,$3,$3,$1.20,0.896
"J.J. Matijevic",31529,,sa829488,"HOU AAA",1B/OF,$3.00,$3.00,$3,$3,$1.00,0.299
"Mike Fiers",4834,7754,sa502128,"OAK AAA",RP,$3.00,$3.00,$3,$3,$2.20,0.597
"Dean Kremer",31819,19350,sa876350,"BAL AAA",SP,$3.00,$3.00,$1,$5,$1.60,0.896
"Adam Plutko",23711,15846,sa548327,"BAL AAA",RP,$3.00,$3.00,$3,$3,$1.60,0.299
"Yohan Ramirez",33419,19444,sa922200,SEA,RP,$3.00,$3.00,$3,$3,$1.10,0.299
"Orlando Arcia",18433,13185,sa596917,ATL,SS/OF,$3.00,$3.00,$3,$3,$1.50,0.299
"Yonny Hernandez",22168,19432,sa872473,TEX,2B/SS/3B,$3.00,$3.00,$3,$3,$1.50,0.896
"Nabil Crismatt",30085,17732,sa657397,SDP,RP,$3.00,$3.00,$3,$3,$1.00,0.299
"Angel Zerpa",25903,22717,sa3002993,KCR,SP/RP,$3.00,$3.00,$3,$3,$1.00,0.299
"Andy Young",33188,19521,sa919031,"WSN AAA",2B,$3.00,$3.00,$3,$3,$1.40,0.896
"Tyler Wade",19387,15730,sa737878,LAA,2B/SS/3B/OF,$3.00,$3.00,$3,$3,$1.50,0.299
"Alcides Escobar",1678,6310,sa253759,WSN,2B/SS,$3.00,$3.00,$3,$3,$1.10,2.388
"Keegan Thompson",33124,19795,sa918851,CHC,SP/RP,$3.00,$3.00,$3,$3,$1.10,0.299
"Miguel Yajure",22490,21111,sa873213,PIT,SP/RP,$3.00,$3.00,$3,$3,$1.40,1.194
"Joey Wentz",23817,,sa917946,"DET AA",SP,$3.00,$3.00,$3,$3,$1.10,0.299
"Edwin Rios",20344,18316,sa827170,LAD,1B/3B,$3.00,$3.00,$3,$3,$1.00,2.09
"Ryan Kreidler",37217,,sa3010587,"DET AAA",SS,$3.00,$3.00,$2,$4,$2.00,0.597
"Chris Gittens",21094,18482,sa829048,"NYY AAA",1B,$3.00,$3.00,$3,$3,$1.20,0.299
"Erik Gonzalez",9984,13369,sa506001,"MIA AAA",1B/SS/3B,$3.00,$3.00,$3,$3,$1.40,0.299
"Charlie Culberson",7578,3298,sa389929,FA,3B/OF,$3.00,$3.00,$3,$3,$1.30,0.299
"Rogelio Armenteros",23291,17679,sa877310,"WSN CPX",SP/RP,$3.00,$3.00,$2,$4,$1.50,0.597
"Josh Fuentes",21646,16885,sa829934,"COL AAA",1B/3B,$3.00,$3.00,$3,$3,$1.20,0.299
"Jordan Holloway",21247,20631,sa829245,"MIA AAA",SP/RP,$3.00,$3.00,$3,$3,$1.30,0.597
"Andrew Knizner",31629,19514,sa857827,STL,C,$3.00,$3.00,$3,$3,$1.20,0.597
"Kohei Arihara",38478,27505,sa3014740,"TEX AAA",SP/RP,$3.00,$3.00,$3,$3,$1.20,0.896
"Romy Gonzalez",34602,21562,sa3006652,"CHW AAA",SS,$3.00,$3.00,$3,$3,$1.20,0.299
"Brooks Raley",4970,10061,sa501562,TBR,RP,$3.00,$3.00,$3,$3,$1.10,0.597
"Santiago Espinal",32722,19997,sa918188,TOR,3B,$3.00,$3.00,$3,$3,$1.00,0.299
"Yadiel Hernandez",31391,19334,sa724030,WSN,OF,$3.00,$3.00,$3,$3,$1.10,1.791
"Ed Howard",38310,,sa3014540,"CHC A",2B/SS,$3.00,$3.00,$3,$3,$1.20,0.299
"Ryan Garcia",37603,,sa3011190,"TEX A+",Util,$3.00,$3.00,$3,$3,$1.00,0.299
"Matt Beaty",29680,17710,sa602895,LAD,1B/OF,$3.00,$3.00,$3,$3,$1.20,0.597
"John King",35862,22051,sa3008587,"TEX AAA",RP,$3.00,$3.00,$3,$3,$1.10,0.299
"Enoli Paredes",33321,20447,sa920300,"HOU AAA",RP,$3.00,$3.00,$3,$3,$1.10,0.299
"Griffin Jax",31438,20253,sa738570,MIN,SP,$3.00,$3.00,$3,$3,$6.20,0.299
"Will Bednar",40145,,,,Util,$3.00,$3.00,$3,$3,$1.50,0.299
"Greg Allen",20381,16623,sa827328,"PIT AAA",OF,$3.00,$3.00,$3,$3,$1.00,0.299
"Phil Maton",22809,18064,sa875251,HOU,RP,$3.00,$3.00,$3,$3,$2.10,1.194
"Jackson Jobe",40097,,,,Util,$3.00,$3.00,$2,$4,$1.60,1.791
"Drew Smith",22713,17755,sa875018,NYM,RP,$3.00,$3.00,$3,$3,$1.20,0.299
"Austin Warren",34884,24937,sa3006978,LAA,RP,$3.00,$3.00,$3,$3,$1.00,0.299
"Nick Snyder",27062,23493,sa3005100,TEX,RP,$3.00,$3.00,$3,$3,$1.50,0.299
"Ryan Burr",30991,17536,sa658938,CHW,RP,$3.00,$3.00,$3,$3,$1.30,0.299
"Jesus Cruz",24841,20042,sa3001066,"STL AAA",RP,$3.00,$3.00,$3,$3,$1.00,0.299
"Ross Detwiler",7186,2859,sa388391,FA,SP/RP,$3.00,$3.00,$3,$3,$1.20,0.299
"Maikel Franco",13821,12179,sa549529,"WSN CPX",3B,$3.00,$3.00,$3,$3,$1.30,1.791
"Tyler Beede",18369,16981,sa597784,"SFG AAA",SP/RP,$3.00,$3.00,$3,$3,$1.20,0.597
"Trevor Gott",18484,15046,sa621611,"MIL AAA",RP,$3.00,$3.00,$3,$3,$2.60,0.299
"Dylan Coleman",34864,22276,sa3006957,KCR,RP,$3.00,$3.00,$3,$3,$2.00,0.597
"Connor Brogdon",31492,21205,sa739015,PHI,RP,$3.00,$3.00,$3,$3,$1.20,0.597
"Tyler Soderstrom",38388,,sa3014489,"OAK A",C,$3.00,$2.00,$2,$7,$2.90,18.209
"Matt Moore",4914,1890,sa390623,FA,SP/RP,$3.00,$3.00,$3,$3,$1.20,0.597
"Kody Hoese",36847,,sa3010021,"LAD AA",3B,$3.00,$3.00,$3,$3,$1.00,0.299
"Jose Trevino",20399,16725,sa827368,TEX,C,$3.00,$3.00,$3,$3,$1.20,0.299
"Orelvis Martinez",33667,,sa3010692,"TOR A+",SS,$3.00,$3.00,$1,$8,$2.40,18.507
"Art Warren",22902,18251,sa875374,CIN,RP,$3.00,$3.00,$3,$3,$1.00,1.194
"Erik Swanson",21160,16587,sa829145,SEA,RP,$3.00,$3.00,$3,$3,$1.50,0.299
"Jesse Hahn",14903,13287,sa526877,"KCR AAA",RP,$3.00,$3.00,$3,$3,$1.00,0.299
"Tyler Clippard",680,5640,sa244022,FA,RP,$3.00,$3.00,$3,$3,$1.40,0.597
"Martin Perez",8147,6902,sa455689,FA,SP/RP,$3.00,$3.00,$3,$3,$1.80,0.597
"Matt Vierling",33666,21558,sa3006781,PHI,1B/OF,$3.00,$3.00,$3,$3,$1.50,1.194
"Ryan Thompson",21321,16647,sa829336,"TBR CPX",RP,$3.00,$3.00,$3,$3,$1.30,2.687
"Brian Goodwin",18187,12858,sa501964,FA,OF,$3.00,$3.00,$3,$3,$1.00,0.597
"Taylor Hearn",23697,18325,sa658531,TEX,SP/RP,$3.00,$3.00,$3,$3,$4.00,1.493
"Guillermo Heredia",23683,18721,sa724029,ATL,OF,$3.00,$3.00,$3,$3,$1.20,1.493
"Brandon Workman",14924,11428,sa390373,FA,RP,$3.00,$3.00,$3,$3,$1.90,0.597
"Kervin Castro",32050,21656,sa916834,SFG,RP,$3.00,$3.00,$3,$3,$1.38,0.597
"Brett Phillips",18441,14735,sa658005,TBR,OF,$3.00,$3.00,$3,$3,$1.00,0.299
"Jose Alvarez",6145,5358,sa393430,SFG,RP,$3.00,$3.00,$3,$3,$1.10,0.597
"Jarlin Garcia",23777,18282,sa597438,SFG,RP,$3.00,$3.00,$3,$3,$1.40,0.597
"Matt Bush",1977,1246,sa253220,TEX,RP,$3.00,$3.00,$3,$3,$1.70,0.299
"Steven Brault",19444,15291,sa737937,FA,SP,$3.00,$3.00,$3,$3,$1.60,0.299
"Stephen Ridings",32685,22358,sa918119,NYY,RP,$3.00,$3.00,$3,$3,$1.10,0.896
"Paolo Espino",2775,8246,sa327124,WSN,SP/RP,$3.00,$3.00,$3,$3,$1.20,0.299
"Oscar Mercado",19280,16375,sa737612,CLE,OF,$3.00,$3.00,$3,$3,$1.40,0.597
"Aeverson Arteaga",38467,,sa3014707,"SFG A",SS,$3.00,$3.00,$3,$3,$1.63,0.299
"Matt Duffy",18443,13836,sa621604,FA,2B/3B,$3.00,$3.00,$3,$3,$1.10,0.299
"Jesse Chavez",461,5448,sa202961,FA,RP,$3.00,$3.00,$3,$3,$1.40,0.299
"Jasiah Dixon",37873,,sa3011590,"PIT CPX",OF,$3.00,$3.00,$3,$3,$1.00,0.299
"Luis Oviedo",32313,21728,sa917344,PIT,RP,$3.00,$3.00,$3,$3,$1.50,0.299
"Riley Adams",31564,19864,sa829749,WSN,C,$3.00,$3.00,$3,$3,$1.00,0.299
"Jordan Balazovic",32627,,sa918017,"MIN AA",SP,$3.00,$3.00,$2,$5,$2.10,11.343
"Chris Owings",17531,10030,sa500788,FA,OF,$3.00,$3.00,$3,$3,$1.60,1.194
"Ryan Buchter",5272,9456,sa326487,"ARI AAA",RP,$3.00,$3.00,$3,$3,$1.70,0.299
"David Phelps",5326,6316,sa455024,TOR,RP,$3.00,$3.00,$3,$3,$1.00,0.299
"Dillon Maples",18206,14672,sa599130,"CHC AAA",RP,$3.00,$3.00,$3,$3,$1.50,0.299
"Brendon Davis",22744,,sa875089,"LAA AAA",SS/3B,$3.00,$3.00,$3,$3,$2.00,0.299
"Matt Andriese",18315,12022,sa577754,SEA,RP,$3.00,$3.00,$3,$3,$1.30,0.299
"Bryce Bonnin",38358,,sa3014453,"CIN A+",SP,$3.00,$3.00,$3,$3,$1.50,0.299
"Elehuris Montero",22172,20543,sa872477,"COL AAA",1B/3B,$3.00,$3.00,$2,$4,$2.90,0.597
"Bryan Shaw",5289,8110,sa455883,FA,RP,$3.00,$3.00,$3,$3,$1.10,0.299
"Colton Welker",23869,19961,sa917962,COL,3B,$3.00,$3.00,$3,$3,$1.10,0.597
"Jean Carlos Mejia",21665,20617,sa830122,"MIL AAA",SP/RP,$3.00,$3.00,$3,$3,$1.50,0.597
"Lucas Luetge",4829,8337,sa328056,NYY,RP,$3.00,$3.00,$3,$3,$1.30,1.493
"Richard Bleier",8139,7803,sa454724,MIA,RP,$3.00,$3.00,$3,$3,$1.30,0.299
"Daz Cameron",18511,18353,sa874736,DET,OF,$3.00,$3.00,$3,$3,$1.80,0.896
"Matt McLain",40371,,sa3017154,"CIN A+",SS,$3.00,$2.00,$2,$5,$1.50,0.896
"JaCoby Jones",18420,14818,sa549406,"KCR AAA",OF,$3.00,$3.00,$3,$3,$1.90,0.299
"Mike Freeman",14594,11241,sa503146,"CIN AAA",SS,$3.00,$3.00,$3,$3,$1.00,0.299
"Hirokazu Sawamura",38481,27515,sa3014741,BOS,RP,$3.00,$3.00,$3,$3,$1.10,0.896
"Anthony Kay",33684,20387,sa738470,"TOR AAA",SP/RP,$3.00,$3.00,$3,$3,$1.60,0.299
"Luis Guillorme",19391,16451,sa737882,NYM,2B/SS/3B,$3.00,$3.00,$3,$3,$1.10,0.299
"Zack Short",31669,19562,sa873287,DET,SS,$3.00,$3.00,$3,$3,$1.20,0.597
"Austin Dean",30445,18288,sa657985,"SFG AAA",Util,$3.00,$3.00,$3,$3,$1.20,0.299
"Rio Ruiz",18331,14103,sa657980,FA,2B/3B,$3.00,$3.00,$3,$3,$2.00,0.299
"Ehire Adrianza",8445,8418,sa455889,FA,3B/OF,$3.00,$3.00,$3,$3,$1.40,0.299
"Louie Varland",37202,,sa3010572,"MIN A+",SP,$3.00,$3.00,$3,$3,$2.00,0.299
"Nick Gonzales",38314,,sa3014510,"PIT A+",2B,$2.99,$2.00,$1,$10,$2.50,42.09
"Corbin Carroll",37182,,sa3010593,"ARI A+",Util,$2.95,$3.00,$1,$7,$2.50,72.239
"Jordan Walker",38366,,sa3014464,"STL A+",3B,$2.94,$2.00,$2,$8,$2.40,24.179
"Jeremy Pena",35939,,sa876320,"HOU CPX",SS,$2.92,$2.00,$2,$7,$3.00,7.463
"Ronny Mauricio",33640,,sa3006887,"NYM AA",SS,$2.92,$3.00,$2,$5,$2.10,11.045
"Yoelqui Céspedes",38525,,sa3015137,"CHW AA",OF,$2.89,$2.00,$2,$11,$1.40,5.672
"Michael King",31751,19853,sa874220,NYY,SP/RP,$2.88,$3.00,$1,$4,$1.10,2.388
"Jordan Groshans",33638,,sa3006893,"TOR AA",SS/3B,$2.87,$3.00,$1,$6,$1.70,25.97
"Mark Vientos",26857,,sa3004720,"NYM AAA",3B,$2.83,$3.00,$2,$4,$1.90,3.582
"Hedbert Perez",38113,,sa3014692,"MIL A",OF,$2.82,$3.00,$2,$6,$1.50,3.284
"Brett Baty",37181,,sa3010869,"NYM AA",3B,$2.80,$2.00,$1,$6,$2.10,33.134
"DL Hall",27165,,sa3005282,"BAL AA",SP,$2.79,$2.00,$2,$6,$1.40,25.672
"George Valera",33605,,sa3006872,"CLE AA",OF,$2.76,$2.00,$1,$6,$2.30,27.463
"Logan Allen",38349,,sa3014444,"CLE AA",SP,$2.75,$2.50,$2,$4,$2.10,1.194
"Ryan Murphy",15063,,sa3014871,"SFG A+",SP,$2.75,$2.50,$2,$4,$1.75,1.194
"Francisco Alvarez",37427,,sa3010862,"NYM A+",C,$2.74,$2.00,$1,$6,$3.50,44.776
"Gabriel Moreno",26134,,sa3003226,"TOR CPX",C,$2.70,$2.00,$1,$7,$2.50,43.284
"Bobby Miller",38335,,sa3014422,"LAD AA",SP,$2.69,$2.00,$2,$6,$2.40,3.881
"Oswald Peraza",26213,,sa3003305,"NYY AAA",SS,$2.67,$2.00,$2,$8,$3.10,18.209
"Luis Medina",33485,21649,sa928510,"NYY AA",SP,$2.67,$2.00,$2,$6,$1.10,1.791
"Blaze Jordan",38316,,sa3014537,"BOS A",Util,$2.67,$2.00,$2,$4,$1.40,0.896
"Nick Yorke",38436,,sa3014546,"BOS A+",2B,$2.67,$2.00,$2,$6,$2.90,11.642
"Brady House",40261,,sa3017694,"WSN CPX",Util,$2.67,$2.00,$2,$5,$1.60,2.687
"Pierce Johnson",18330,13435,sa501771,SDP,RP,$2.67,$3.00,$1,$3,$1.00,1.791
"Jackson Rutledge",37702,,sa3011338,"WSN A",SP,$2.67,$2.00,$1,$5,$1.40,0.896
"Josh Winder",35478,,sa3007993,"MIN AAA",SP,$2.67,$2.00,$2,$4,$1.40,0.896
"Ian Seymour",38409,,sa3014512,"TBR A+",SP,$2.67,$3.00,$2,$3,$1.80,0.896
"Kahlil Watson",40263,,sa3017513,"MIA CPX",Util,$2.65,$2.00,$2,$6,$1.40,5.97
"Pedro León",38482,,sa3014838,"HOU AAA",SS,$2.65,$2.00,$1,$6,$1.60,14.328
"Matt Brash",37234,,sa3010616,"SEA AA",SP,$2.60,$2.00,$2,$6,$2.60,26.269
"Garrett Mitchell",38325,,sa3014438,"MIL AA",OF,$2.58,$2.00,$1,$6,$1.40,19.104
"Andy Pages",33949,,sa3005625,"LAD A+",OF,$2.56,$2.00,$2,$5,$1.70,4.776
"Juan Yepez",23329,,sa877505,"STL AAA",1B,$2.56,$2.00,$2,$8,$1.90,5.373
"Gunnar Henderson",37806,,sa3011484,"BAL AA",SS/3B,$2.53,$2.00,$2,$4,$1.60,5.672
"Greg Jones",36921,,sa3010151,"TBR AA",SS,$2.50,$2.50,$2,$3,$1.10,0.597
"Reginald Preciado",38462,,sa3014702,"CHC CPX",Util,$2.50,$2.50,$2,$3,$2.00,0.597
"Joey Wiemer",38424,,sa3014531,"MIL A+",OF,$2.50,$2.50,$2,$3,$1.60,0.597
"Peyton Battenfield",36903,,sa3010133,"CLE AA",SP,$2.50,$2.50,$2,$3,$1.33,0.597
"J.T. Ginn",38339,,sa3014428,"NYM A+",SP,$2.50,$2.50,$2,$3,$1.25,0.597
"Brice Turang",33634,,sa3008294,"MIL AAA",SS,$2.50,$2.50,$2,$3,$1.00,1.194
"Jhoan Duran",22559,21029,sa873347,MIN,Util,$2.50,$2.00,$1,$5,$1.60,5.97
"Daniel Espino",37812,,sa3011495,"CLE A+",SP,$2.49,$2.00,$2,$8,$2.60,10.448
"Miguel Vargas",34804,,sa3006896,"LAD AA",3B,$2.43,$2.00,$2,$6,$2.20,11.94
"Michael Harris",37295,25931,sa3010684,"ATL A+",OF,$2.42,$2.00,$2,$4,$1.30,11.343
"Michael Busch",37841,,sa3011540,"LAD AA",2B,$2.41,$2.00,$1,$6,$1.80,11.642
"Luis Matos",36040,,sa3008756,"SFG A",OF,$2.40,$2.00,$2,$6,$2.60,18.507
"Steven Kwan",35824,,sa3008536,"CLE AAA",OF,$2.40,$2.00,$2,$3,$1.29,1.493
"Ryan Pepiot",37649,26221,sa3011244,"LAD AAA",SP,$2.39,$2.00,$2,$4,$1.90,6.866
"Quinn Priester",36682,,sa3011297,"PIT A+",SP,$2.37,$2.00,$1,$4,$1.60,12.836
"Tyler Freeman",26882,,sa3004755,"CLE AA",SS,$2.36,$2.00,$1,$5,$1.70,7.463
"Trevor Hauver",38353,,sa3014448,"TEX A+",2B,$2.33,$2.00,$2,$3,$1.56,0.896
"Brayan Rocchio",33650,,sa3005898,"CLE AA",SS,$2.33,$2.00,$2,$3,$1.60,4.478
"Anthony Garcia",34191,,sa3005924,"NYY A",1B,$2.33,$2.00,$2,$3,$2.00,0.896
"Bryce Elder",38412,,sa3014515,"ATL AAA",SP,$2.33,$2.00,$2,$3,$1.25,0.896
"Caleb Kilian",38006,,sa3011773,"CHC AA",SP,$2.33,$2.00,$2,$3,$1.50,0.896
"Liover Peguero",33908,,sa3005582,"PIT A+",SS,$2.33,$2.00,$2,$3,$1.00,0.896
"Tommy Romero",26688,,sa3004469,"TBR AAA",SP,$2.33,$2.00,$2,$3,$1.33,0.896
"Ethan Small",37897,,sa3011621,"MIL AAA",SP,$2.33,$2.00,$2,$4,$1.00,3.582
"Cole Winn",33633,,sa3008662,"TEX AAA",SP,$2.32,$2.00,$2,$6,$1.90,6.567
"Bryson Stott",37531,,sa3011443,"PHI AAA",SS,$2.31,$2.00,$1,$5,$1.30,3.881
"Jake Eder",38652,,sa3014917,"MIA AA",SP,$2.29,$2.00,$2,$4,$1.40,5.075
"Matthew Allan",37808,,sa3011740,"NYM A+",SP,$2.25,$2.00,$2,$3,$1.30,1.194
"Ryan Rolison",35630,,sa3008244,"COL CPX",SP,$2.25,$2.00,$2,$3,$1.10,1.194
"Shea Langeliers",36669,,sa3010329,"ATL AAA",C,$2.25,$2.00,$2,$3,$1.10,2.388
"Vinnie Pasquantino",37094,,sa1115762,"KCR AA",1B,$2.25,$2.00,$2,$3,$1.50,3.582
"Cody Morris",35909,,sa3008653,"CLE CPX",SP,$2.24,$2.00,$2,$4,$1.90,6.269
"Xavier Edwards",33645,,sa3007018,"TBR AA",2B/3B,$2.20,$2.00,$2,$3,$1.50,4.478
"Colton Cowser",39978,,sa3017018,"BAL A",OF,$2.20,$2.00,$2,$3,$1.50,2.985
"Justin Foscue",38311,,sa3014527,"TEX AA",2B,$2.17,$2.00,$2,$3,$1.70,1.791
"Heston Kjerstad",38319,,sa3014439,"BAL A",Util,$2.17,$2.00,$2,$3,$1.30,3.582
"Diego Cartaya",33674,,sa3008742,"LAD A",C,$2.09,$2.00,$2,$3,$1.20,3.284
"Samad Taylor",32726,,sa918192,"TOR AA",2B/OF,$2.00,$2.00,$2,$2,$1.11,2.09
"Kyle Bradish",35874,,sa3008605,"BAL AAA",SP,$2.00,$2.00,$2,$2,$1.00,0.299
"Adam Oller",31837,,sa913099,"NYM AAA",SP,$2.00,$2.00,$2,$2,$1.20,0.597
"Tobias Myers",23850,,sa918088,"CLE AAA",SP,$2.00,$2.00,$2,$2,$1.00,0.597
"Ken Waldichuk",37478,,sa1115814,"NYY AA",SP,$2.00,$2.00,$2,$2,$1.71,0.299
"Beau Brieske",37405,,sa3010832,"DET AA",SP,$2.00,$2.00,$2,$2,$1.00,0.299
"Brandon Pfaadt",38699,,sa3014983,"ARI AA",SP,$2.00,$2.00,$2,$2,$1.00,0.299
"Seth Johnson",37706,,sa3011342,"TBR A",SP/RP,$2.00,$2.00,$2,$2,$1.00,0.299
"Maximo Acosta",38112,,sa3014711,"TEX CPX",Util,$2.00,$2.00,$2,$2,$1.00,0.299
"Nick Allen",26860,,sa3004723,"OAK AAA",2B/SS,$2.00,$2.00,$2,$2,$1.33,0.299
"Sal Frelick",40298,,sa3017047,"MIL A+",OF,$2.00,$2.00,$2,$2,$1.20,1.791
"Jonathan Aranda",33217,,sa919293,"TBR AA",1B/2B,$2.00,$2.00,$2,$2,$1.86,0.299
"Roberto Campos",38114,,sa3014683,"DET CPX",OF,$2.00,$2.00,$2,$2,$1.00,0.299
"Elly De La Cruz",36338,,sa3009289,"CIN A",SS/3B,$2.00,$2.00,$2,$2,$1.00,0.299
"Trey Sweeney",40254,,sa3016973,"NYY A",SS,$2.00,$2.00,$2,$2,$1.00,0.299
"Nick Plummer",22666,,sa874684,"NYM AAA",OF,$2.00,$2.00,$2,$2,$1.50,0.299
"Bo Naylor",33676,,sa3008247,"CLE AA",C,$2.00,$2.00,$2,$2,$1.00,0.299
"Sean Hjelle",35474,,sa3007989,"SFG AAA",SP,$2.00,$2.00,$2,$2,$1.50,0.299
"Andry Lara",38474,,sa3014716,"WSN A",SP,$2.00,$2.00,$2,$2,$1.00,0.299
"Chris Wright",37832,,sa3011531,"SFG A+",RP,$2.00,$2.00,$2,$2,$1.00,0.299
"Pete Crow-Armstrong",38327,,sa3014458,"CHC A",Util,$2.00,$2.00,$2,$2,$1.20,1.493
"Brayan Bello",33767,,sa3005436,"BOS AA",SP,$2.00,$2.00,$2,$2,$1.00,0.299
"Ivan Herrera",26099,,sa3003191,"STL AAA",C,$2.00,$2.00,$2,$2,$1.00,0.896
"Manuel Beltre",38529,,sa3015710,"TOR DSL",SS,$2.00,$2.00,$2,$2,$1.00,0.299
"Matt Canterino",37831,,sa3011530,"MIN A+",SP,$2.00,$2.00,$2,$2,$1.50,0.896
"Everson Pereira",33662,,sa3007034,"NYY CPX",OF,$2.00,$2.00,$2,$2,$1.00,0.597
"Curtis Mead",35725,,sa3008392,"TBR A+",3B,$2.00,$2.00,$2,$2,$1.00,0.597
"Drew Strotman",26754,,sa3004584,"MIN AAA",SP,$2.00,$2.00,$2,$2,$1.00,0.597
"Eddys Leonard",33880,,sa3005554,"LAD A+",2B/SS/3B,$2.00,$2.00,$2,$2,$1.00,0.896
"Travis Swaggerty",33615,,sa3007512,"PIT AAA",Util,$2.00,$2.00,$2,$2,$1.40,0.597
"Alec Marsh",37106,,sa1159950,"KCR AA",SP,$2.00,$2.00,$2,$2,$1.67,0.896
"Willie MacIver",35357,,sa3007828,"COL AAA",C,$2.00,$2.00,$2,$2,$1.00,0.299
"Chris Muller",34731,,sa3006811,"TBR AA",RP,$2.00,$2.00,$2,$2,$1.00,0.299
"Miguel Amaya",32321,21693,sa917354,"CHC AA",Util,$2.00,$2.00,$2,$2,$1.20,0.896
"Konnor Pilkington",35711,,sa3008371,"CLE AA",SP,$2.00,$2.00,$2,$2,$1.00,0.299
"Jack Suwinski",32783,,sa918314,"PIT AA",OF,$2.00,$2.00,$2,$2,$1.00,0.597
"Max Bain",38667,,sa3014932,"CHC A+",SP,$2.00,$2.00,$2,$2,$1.00,0.299
"Mick Abel",38330,,sa3014534,"PHI A",SP,$2.00,$2.00,$1,$3,$1.40,2.388
"Cooper Hummel",32851,,sa918412,"ARI AAA",OF,$2.00,$2.00,$2,$2,$1.00,0.299
"Wilman Diaz",38479,,sa3015694,"LAD DSL",Util,$2.00,$2.00,$2,$2,$1.00,0.299
"Dillon Dingler",38308,,sa3014528,"DET AA",C,$2.00,$2.00,$2,$2,$1.30,0.299
"Yerry Rodriguez",32688,,sa918130,"TEX AAA",SP/RP,$2.00,$2.00,$2,$2,$1.00,0.299
"Seth Corry",26798,,sa3004648,"SFG A+",SP,$2.00,$2.00,$2,$2,$1.20,0.299
"Steven Wilson",34715,,sa3006795,"SDP CPX",RP,$2.00,$2.00,$2,$2,$1.00,0.299
"Euribiel Angeles",36160,,sa3008877,"SDP A+",2B/SS/3B,$2.00,$2.00,$2,$2,$1.00,0.299
"Ezequiel Duran",27162,,sa3005271,"TEX A+",2B/SS,$2.00,$2.00,$1,$3,$1.00,1.493
"Jose Soriano",32009,,sa916702,"LAA AAA",Util,$2.00,$2.00,$2,$2,$1.00,0.299
"Jose Castillo",20044,17169,sa739762,FA,RP,$2.00,$2.00,$2,$2,$1.70,0.896
"Mason Martin",26958,,sa3004885,"PIT AAA",1B,$2.00,$2.00,$2,$2,$1.70,0.896
"Coby Mayo",38378,,sa3014479,"BAL A",3B,$2.00,$2.00,$2,$2,$1.00,0.299
"Adam Hall",27055,,sa3005077,"BAL AA",2B,$2.00,$2.00,$2,$2,$1.00,0.299
"Brandon Williamson",37811,,sa3011494,"SEA AA",SP,$2.00,$2.00,$2,$2,$1.00,0.597
"Thomas Dillard",37686,,sa3011308,"MIL AA",1B,$2.00,$2.00,$2,$2,$1.00,0.299
"Oscar Gonzalez",22326,,sa872782,"CLE AAA",OF,$2.00,$2.00,$2,$2,$1.00,1.194
"Cristian Hernandez",39270,,sa3015696,"CHC DSL",SS,$2.00,$2.00,$2,$2,$1.00,0.299
"Sal Frelick",40264,,,,Util,$2.00,$2.00,$2,$2,$1.00,0.299
"Burl Carraway",38394,,sa3014495,"CHC AA",RP,$2.00,$2.00,$2,$2,$1.17,0.299
"Sam Bachman",40438,,sa3017261,"LAA AA",SP,$2.00,$2.00,$2,$2,$1.00,0.597
"Kyle Stowers",37480,,sa1115829,"BAL AAA",OF,$2.00,$2.00,$2,$2,$1.00,0.299
"Zach DeLoach",38437,,sa3014547,"SEA AA",OF,$2.00,$2.00,$2,$2,$1.00,0.299
"Matthew Fraizer",37530,,sa918983,"PIT AA",OF,$2.00,$2.00,$2,$2,$1.00,0.299
"Johan Mieses",20188,,sa747574,"BOS AAA",OF,$2.00,$2.00,$2,$2,$1.00,0.299
"Gunnar Hoglund",39977,,,,Util,$2.00,$2.00,$2,$2,$1.00,0.299
"Jordan Westburg",38398,,sa3014499,"BAL AA",SS/3B,$2.00,$2.00,$2,$2,$1.00,0.597
"Blaine Crim",36939,,sa3010170,"TEX AA",1B,$2.00,$2.00,$2,$2,$1.00,0.299
"Matt McLain",40146,,,,Util,$2.00,$2.00,$2,$2,$1.00,0.299
"Kyle Harrison",38410,,sa3014513,"SFG A",SP,$2.00,$2.00,$2,$2,$1.00,0.597
"Korey Lee",36859,,sa3010034,"HOU AAA",C,$2.00,$2.00,$2,$2,$1.00,0.597
"Jordyn Adams",33629,,sa3008032,"LAA A+",OF,$2.00,$2.00,$2,$2,$1.20,0.299
"Matthew Barefoot",36915,,sa3010145,"HOU AA",OF,$2.00,$2.00,$2,$2,$1.00,0.299
"Clayton Beeter",38428,,sa3014536,"LAD AA",SP,$2.00,$2.00,$2,$2,$1.00,0.299
"Alec Burleson",38368,,sa3014466,"STL AAA",OF,$2.00,$2.00,$2,$2,$1.00,0.597
"Oswaldo Cabrera",32076,,sa916954,"NYY AAA",2B/SS/3B,$2.00,$2.00,$2,$2,$1.00,0.597
"Davis Daniel",38728,,sa3015037,"LAA AAA",SP,$2.00,$2.00,$2,$2,$1.50,0.299
"Benny Montgomery",40386,,sa3017169,"COL CPX",Util,$2.00,$2.00,$2,$2,$1.00,0.299
"Heriberto Hernandez",33954,,sa3005630,"TBR A",OF,$1.88,$2.00,$1,$2,$1.30,2.388
"Hunter Brown",37201,,sa3010571,"HOU AAA",SP/RP,$1.67,$2.00,$1,$2,$1.00,0.896
"Hunter Bishop",37634,,sa3011413,"SFG A",Util,$1.60,$2.00,$1,$2,$1.40,1.493
"Robert Puason",37759,,sa3014697,"OAK A",SS,$1.50,$1.50,$1,$2,$1.00,0.597
"Michael Toglia",37072,,sa3010393,"COL AA",1B,$1.50,$1.50,$1,$2,$1.00,1.194
"Austin Wells",38317,,sa3014440,"NYY A+",C,$1.50,$1.50,$1,$2,$1.10,0.597
"Gabriel Arias",26408,,sa3004047,"CLE AAA",SS,$1.50,$1.50,$1,$2,$1.00,0.597
"Erick Pena",37845,,sa3014686,"KCR CPX",OF,$1.50,$1.50,$1,$2,$1.00,0.597
"Victor Castaneda",33595,,sa978399,"MIL AAA",SP,$1.00,$1.00,$1,$1,$1.00,0.299
"Zac Lowther",31923,20243,sa915645,BAL,SP,$1.00,$1.00,$1,$1,$2.60,0.299
